Customer_ID,Multiple_Lines
5575-GNVDE,no
3668-QPYBK,no
9237-HQITU,no
9305-CDSKC,yes
1452-KIOVK,yes
7892-POOKP,yes
6388-TABGU,no
9763-GRSKD,no
7469-LKBCI,no
8091-TTVAX,yes
0280-XJGEX,yes
5129-JLPIS,no
3655-SNQYZ,yes
8191-XWSZG,no
9959-WOFKT,yes
4190-MFLUW,no
4183-MYFRB,no
1680-VDCWW,no
1066-JKSGK,no
3638-WEABW,yes
6322-HRPFA,no
6865-JZNKO,no
6467-CHFZW,yes
5248-YGIJN,yes
8773-HHUOZ,no
3841-NFECX,yes
4929-XIHVW,no
6827-IEAUQ,no
7310-EGVHZ,no
3413-BMNZE,no
6234-RAAPL,yes
6047-YHPVI,no
6572-ADKRS,no
5380-WJKOV,yes
8168-UQWWF,yes
8865-TNMNX,no
9489-DEDVP,yes
9867-JCZSP,no
4671-VJLCL,yes
4080-IIARD,yes
3714-NTNFO,yes
5948-UJZLF,no
7760-OYPDY,no
7639-LIAYI,yes
2954-PIBKO,yes
8012-SOUDQ,yes
9420-LOJKX,no
6575-SUVOI,yes
7495-OOKFY,yes
4667-QONEA,no
1658-BYGOY,yes
8769-KKTPH,yes
5067-XJQFU,yes
3957-SQXML,yes
5954-BDFSG,yes
0434-CSFON,yes
1215-FIGMP,yes
0557-ASKVU,no
5698-BQJOH,yes
5122-CYFXA,no
8627-ZYGSZ,yes
3410-YOQBQ,no
3170-NMYVV,no
7410-OIEDU,no
2273-QCKXA,no
0731-EBJQB,no
1891-QRQSA,yes
8028-PNXHQ,yes
5630-AHZIL,no
2673-CXQEU,yes
6416-JNVRK,no
5590-ZSKRV,no
0191-ZHSKZ,no
3887-PBQAO,yes
5919-TMRGD,no
9191-MYQKX,no
9919-YLNNG,no
0318-ZOPWS,no
4445-ZJNMU,yes
4808-YNLEU,no
1862-QRWPE,no
2796-NNUFI,no
4767-HZZHQ,no
2424-WVHPL,no
7233-PAHHL,yes
6067-NGCEU,yes
9848-JQJTX,yes
8637-XJIVR,yes
9803-FTJCG,yes
0278-YXOOG,no
3212-KXOCR,no
4598-XLKNJ,no
6380-ARCEH,no
3679-XASPY,no
7123-WQUHX,yes
3192-NQECA,yes
6728-DKUCO,yes
8597-CWYHH,yes
2848-YXSMW,no
0486-HECZI,yes
4549-ZDQYY,no
5712-AHQNN,no
4846-WHAFZ,yes
3071-VBYPO,no
5299-RULOA,yes
8402-OOOHJ,no
9445-ZUEQE,yes
1091-SOZGA,yes
2928-HLDBA,no
0404-SWRVG,yes
6497-TILVL,no
7219-TLZHO,no
4622-YNKIJ,no
4412-YLTKF,yes
6734-PSBAW,yes
3930-ZGWVE,no
2876-GZYZC,yes
8587-XYZSF,no
2372-HWUHI,no
7799-LGRDP,yes
7850-VWJUU,no
3774-VBNXY,no
6217-KDYWC,no
0390-DCFDQ,no
3146-MSEGF,yes
4080-OGPJL,yes
1095-WGNGG,yes
2636-SJDOU,yes
1131-QQZEB,yes
5716-EZXZN,yes
6837-BJYDQ,no
2135-RXIHG,no
6440-DKQGE,no
3466-BYAVD,no
3780-YVMFA,no
3874-EQOEP,yes
1679-JRFBR,yes
9073-ZZIAY,no
3077-RSNTJ,no
6551-GNYDG,no
9167-APMXZ,yes
2749-CTKAJ,no
6371-NZYEG,no
7554-NEWDD,yes
8992-VONJD,no
0867-MKZVY,yes
4482-EWFMI,no
4648-YPBTM,yes
2907-ILJBN,no
6345-FZOQH,no
3376-BMGFE,no
5997-OPVFA,yes
1159-WFSGR,no
7654-YWJUF,no
1875-QIVME,yes
6727-IOTLZ,no
0691-JVSYA,no
5918-VUKWP,no
1744-JHKYS,yes
2656-FMOKZ,yes
2070-FNEXE,no
5947-SGKCL,yes
3712-PKXZA,no
6582-OIVSP,no
9367-WXLCH,yes
5524-KHNJP,no
1918-ZBFQJ,no
4827-USJHP,no
0956-SYCWG,no
8017-UVSZU,yes
7100-FQPRV,yes
2472-OVKUP,no
2984-RGEYA,no
9680-NIAUV,yes
2146-EGVDT,no
2604-IJPDU,no
9178-JHUVJ,yes
6168-YBYNP,yes
7255-SSFBC,yes
3645-DEYGF,no
9323-HGFWY,no
8544-GOQSH,no
3363-DTIVD,yes
7018-WBJNK,no
9142-KZXOP,no
7674-YTAFD,no
1285-OKIPP,no
7825-ECJRF,no
1347-KTTTA,no
7841-TZDMQ,no
7157-SMCFK,no
4709-LKHYG,no
2504-DSHIH,yes
2040-LDIWQ,yes
6496-JDSSB,no
9408-SSNVZ,no
4443-EMBNA,yes
6469-MRVET,no
0742-MOABM,no
5961-VUSRV,no
6341-JVQGF,no
2232-DMLXU,no
4811-JBUVU,yes
0945-TSONX,yes
2651-ZCBXV,yes
3316-UWXUY,no
8937-RDTHP,no
7083-MIOPC,no
1984-GPTEH,yes
1251-KRREG,yes
9903-LYSAB,yes
0094-OIFMO,no
9227-UAQFT,no
7301-ABVAD,yes
6614-FHDBO,yes
7576-ASEJU,no
9058-HRZSV,no
4522-AKYLR,no
0221-WMXNQ,no
0303-UNCIP,yes
9947-OTFQU,no
0322-YINQP,no
0959-WHOKV,yes
4075-JFPGR,no
4629-NRXKX,no
3282-ZISZV,yes
3675-YDUPJ,no
7017-VFHAY,yes
6655-LHBYW,yes
4959-JOSRX,no
3606-TWKGI,yes
7529-ZDFXI,yes
1950-KSVVJ,yes
0123-CRBRT,yes
6292-TOSSS,yes
3197-ARFOY,no
6323-AYBRX,no
7014-ZZXAW,yes
4385-GZQXV,no
7633-MVPUY,no
4716-HHKQH,yes
5940-AHUHD,no
6432-TWQLB,yes
4484-GLZOU,yes
3179-GBRWV,no
4130-MZLCC,no
0314-TKOSI,no
8229-MYEJZ,no
2080-SRCDE,yes
9577-WJVCQ,yes
9512-UIBFX,no
6202-DYYFX,yes
3808-HFKDE,no
5583-SXDAG,no
3488-PGMQJ,no
3580-REOAC,no
7534-BFESC,yes
3727-OWVYD,no
2294-SALNE,no
4847-TAJYI,no
1563-IWQEX,no
8203-XJZRC,no
6556-DBKZF,no
6851-WEFYX,yes
2985-JUUBZ,yes
6390-DSAZX,no
0895-LMRSF,no
8098-LLAZX,yes
8266-VBFQL,no
2240-HSJQD,yes
1248-DYXUB,yes
0265-EDXBD,yes
4115-BNPJY,no
3167-SNQPL,yes
4091-TVOCN,yes
1098-TDVUQ,no
7277-OZCGZ,no
1557-EMYVT,yes
2799-ARNLO,no
7563-BIUPC,no
5027-YOCXN,yes
3973-SKMLN,no
2321-OMBXY,no
2840-XANRC,no
6745-JEFZB,yes
5020-ZSTTY,yes
8705-WZCYL,no
7102-JJVTX,no
4983-CLMLV,yes
5701-YVSVF,no
5804-LEPIM,no
2739-CACDQ,yes
9385-EHGDO,no
9498-FIMXL,no
2379-GYFLQ,yes
0122-OAHPZ,yes
2868-SNELZ,yes
4322-RCYMT,yes
6680-NENYN,yes
2088-IEBAU,yes
7982-VCELR,no
1343-EHPYB,yes
6035-BXTTY,no
6885-PKOAM,yes
7520-HQWJU,yes
9639-BUJXT,no
5924-SNGKP,no
0021-IKXGC,yes
2034-GDRCN,no
8966-SNIZF,no
4654-DLAMQ,no
0513-RBGPE,yes
5160-UXJED,no
4115-NZRKS,no
0219-YTZUE,yes
4572-DVCGN,no
3351-NGXYI,yes
8984-EYLLL,yes
9833-TGFHX,yes
9294-TDIPC,no
5229-DTFYB,no
0104-PPXDV,no
5176-LMJXE,no
3583-KRKMD,no
1010-DIAUQ,no
9069-LGEUL,no
7302-ZHMHP,no
9571-EDEBV,yes
3520-FJGCV,yes
6563-VRERX,no
0259-GBZSH,yes
2805-EDJPQ,yes
6862-CQUMB,no
7156-MXBJE,yes
9601-BRXPO,yes
2863-IMQDR,yes
5686-CMAWK,yes
5651-CRHKQ,no
6905-NIQIN,no
5167-ZFFMM,yes
6583-SZVGP,yes
4895-TMWIR,no
0533-BNWKF,yes
8782-LKFPK,yes
5522-JBWMO,no
3597-MVHJT,yes
9774-NRNAU,yes
0224-RLWWD,no
9967-ATRFS,no
3951-NJCVI,yes
2977-CEBSX,yes
0177-PXBAT,yes
6599-CEBNN,no
5876-QMYLD,no
2277-AXSDC,no
9442-JTWDL,no
0979-PHULV,yes
3067-SVMTC,no
5495-GPSRW,no
7606-BPHHN,no
4742-DRORA,yes
0111-KLBQG,no
4800-VHZKI,no
7989-CHGTL,no
0334-GDDSO,yes
4163-NCJAK,yes
5233-AOZUF,yes
5973-EJGDP,yes
1996-DBMUS,no
7916-VCCPB,no
4686-GEFRM,yes
5249-QYHEX,yes
0578-SKVMF,no
5564-NEMQO,no
2233-FAGXV,yes
5605-IYGFG,no
7663-ZTEGJ,yes
3935-TBRZZ,yes
2055-SIFSS,yes
2806-MLNTI,yes
8734-DKSTZ,yes
4360-PNRQB,yes
6152-ONASV,yes
9063-ZGTUY,no
2181-UAESM,no
2957-LOLHO,no
6048-NJXHX,no
4980-URKXC,no
4376-KFVRS,yes
5886-VLQVU,yes
3577-AMVUX,no
0771-WLCLA,yes
5628-RKIFK,yes
0206-TBWLC,yes
2937-FTHUR,yes
1910-FMXJM,no
7752-XUSCI,yes
4110-PFEUZ,no
0732-OCQOC,yes
5168-MSWXT,no
1090-ESELR,no
8592-PLTMQ,yes
5760-WRAHC,no
0256-LTHVJ,no
4785-FCIFB,yes
8313-NDOIA,yes
5149-CUZUJ,no
0942-KOWSM,no
4237-CLSMM,no
1452-VOQCH,yes
4719-UMSIY,no
6614-VBEGU,no
0880-TKATG,yes
3811-VBYBZ,yes
1480-BKXGA,yes
9076-AXYIK,yes
5968-XQIVE,yes
8896-RAZCR,no
4640-UHDOS,no
4933-IKULF,no
3583-EKAPL,no
1304-BCCFO,no
4104-PVRPS,no
9399-APLBT,no
2359-KMGLI,yes
3780-DDGSE,no
4431-EDMIQ,no
0306-JAELE,no
6227-HWPWX,no
0486-LGCCH,no
4612-SSVHJ,no
5168-MQQCA,yes
5949-XIKAE,no
7971-HLVXI,yes
9094-AZPHK,yes
3649-JPUGY,yes
8372-JUXUI,yes
3552-CTCYF,yes
6778-YSNIH,no
0388-EOPEX,no
5756-OZRIO,yes
6579-JPICP,no
4134-BSXLX,no
0505-SPOOW,no
7783-YKGDV,yes
4374-YMUSQ,yes
4513-CXYIX,yes
3957-HHLMR,yes
7803-XOCCZ,no
5736-YEJAX,yes
5609-CEBID,yes
8981-FJGLA,yes
7218-HKQFK,no
4636-QRJKY,yes
1135-LMECX,no
4332-MUOEZ,no
8535-SFUTN,yes
5956-VKDTT,yes
8677-HDZEE,yes
2475-MROZF,yes
9412-GHEEC,yes
3482-ABPKK,no
6705-LXORM,no
0257-ZESQC,no
7531-GQHME,no
5174-ITUMV,yes
4109-CYRBD,yes
0913-XWSCN,yes
6825-UYPFK,yes
8397-MVTAZ,yes
0750-EBAIU,no
8606-CIQUL,yes
3571-DPYUH,yes
7601-GNDYK,no
0356-OBMAC,yes
8067-NIOYM,no
1403-GYAFU,no
4234-XTNEA,no
1297-VQDRP,yes
9282-IZGQK,yes
5348-CAGXB,yes
0621-HJWXJ,yes
5844-QVTAT,no
8905-IAZPF,no
5394-MEITZ,no
6859-QNXIQ,yes
2782-LFZVW,yes
2866-IKBTM,no
1342-JPNKI,yes
7129-AZJDE,no
6986-IJDHX,no
2560-PPCHE,yes
4676-MQUEA,yes
8138-EALND,no
3580-HYCSP,yes
1352-HNSAW,yes
2075-PUEPR,no
1982-FEBTD,yes
5301-GAUUY,yes
5791-KAJFD,yes
2654-VBVPB,no
1154-HYWWO,no
2501-XWWTZ,no
3716-UVSPD,no
6815-ABQFQ,yes
7343-EOBEU,yes
3701-SFMUH,no
6103-LIANB,yes
7319-VENRZ,no
5846-NEQVZ,no
6967-QIQRV,no
5781-RFZRP,yes
0939-YAPAF,yes
7293-LSCDV,no
7025-WCBNE,yes
5756-JYOJT,no
4710-FDUIZ,yes
6030-REHUX,yes
9548-LIGTA,no
5150-LJNSR,yes
8270-RKSAP,no
6522-YRBXD,yes
2640-LYMOV,no
1218-VKFPE,no
3627-FHKBK,no
2865-TCHJW,yes
1423-BMPBQ,no
2393-DIVAI,no
5192-EBGOV,yes
4568-KNYWR,no
8752-IMQOS,no
0742-LAFQK,yes
0795-LAFGP,yes
0619-OLYUR,yes
5512-IDZEI,yes
0459-SPZHJ,yes
0215-BQKGS,no
9244-ZVAPM,no
0719-SYFRB,yes
5172-MIGPM,yes
1710-RCXUS,yes
0374-FIUCA,no
5839-SUYVZ,no
5173-ZXXXL,no
1096-ADRUX,yes
2001-MCUUW,yes
2731-GJRDG,yes
4723-BEGSG,yes
6516-NKQBO,no
8672-OAUPW,no
8207-DMRVL,yes
3419-SNJJD,yes
4765-OXPPD,no
2804-ETQDK,no
6689-VRRTK,yes
7138-GIRSH,yes
9396-ZSFLL,yes
7134-MJPDY,yes
5240-CAOYT,yes
4059-IIEBK,yes
0516-UXRMT,yes
4851-BQDNX,no
5148-HKFIR,no
1009-IRMNA,no
3003-CMDUU,no
5016-IBERQ,yes
6797-UCJHZ,yes
2469-DTSGX,yes
4554-YGZIH,yes
5099-BAILX,yes
9931-KGHOA,yes
1775-KWJKQ,yes
7665-VIGUD,no
7207-RMRDB,yes
7954-MLBUN,no
2077-DDHJK,yes
4913-EHYUI,yes
0195-IESCP,yes
9574-BOSMD,yes
4580-TMHJU,no
0970-ETWGE,no
4908-XAXAY,no
8404-VLQFB,yes
1626-ERCMM,yes
0887-HJGAR,no
2391-IPLOP,yes
5644-PDMZC,yes
3509-GWQGF,no
9576-ANLXO,no
2024-BASKD,no
5845-BZZIB,no
1140-UKVZG,yes
4160-AMJTL,no
5183-SNMJQ,no
8100-PNJMH,yes
7838-LAZFO,no
4464-JCOLN,no
2085-JVGAD,no
8095-WANWK,no
3030-ZKIWL,no
9565-FLVCG,yes
8755-OGKNA,no
2800-VEQXM,no
7538-GWHML,no
3859-CVCET,no
5642-MHDQT,no
3088-FVYWK,yes
3276-HDUEG,yes
9092-GDZKO,yes
3729-OWRVL,yes
2324-AALNO,yes
5760-IFJOZ,yes
2826-UWHIS,yes
1448-PWKYE,no
7501-IWUNG,no
4957-TREIR,no
7251-LJBQN,yes
8040-MNRTF,no
1536-HBSWP,no
5313-FPXWG,yes
0067-DKWBL,no
5076-YVXCM,yes
8262-COGGB,no
6663-JOCQO,yes
9620-QJREV,no
2276-YDAVZ,yes
2682-KEVRP,no
2480-JZOSN,no
0078-XZMHT,yes
5896-NPFWW,no
9978-HYCIN,no
8338-QIUNR,yes
1525-LNLOJ,yes
9450-TRJUU,yes
1766-GKNMI,yes
6942-LBFDP,no
1456-TWCGB,no
7133-VBDCG,no
7596-ZYWBB,no
8329-UTMVM,yes
3014-WJKSM,no
3347-YJZZE,yes
1029-QFBEN,no
7929-DMBCV,no
9661-JALZV,yes
5433-KYGHE,yes
4312-KFRXN,yes
5575-TPIZQ,yes
9944-AEXBM,yes
6952-OMNWB,yes
4697-LUPSU,no
8434-VGEQQ,no
4952-YSOGZ,yes
1589-AGTLK,no
5244-IRFIH,yes
6549-YMFAW,no
4950-HKQTE,yes
6786-OBWQR,no
2684-EIWEO,yes
2753-JMMCV,yes
6439-GTPCA,yes
6621-YOBKI,no
1216-JWVUX,no
7564-GHCVB,yes
1173-NOEYG,yes
6647-ZEDXT,yes
2521-NPUZR,no
1307-TVUFB,yes
7503-MIOGA,yes
4381-MHQDC,yes
6923-JHPMP,no
5138-WVKYJ,yes
4018-PPNDW,yes
1635-FJFCC,no
2499-AJYUA,yes
6919-ELBGL,yes
3966-HRMZA,no
6425-JWTDV,no
8405-IGQFX,no
8224-IVVPA,no
9477-LGWQI,no
1410-RSCMR,no
3115-CZMZD,no
0139-IVFJG,no
6683-VLCTZ,yes
5730-DBDSI,no
0030-FNXPP,no
2189-WWOEW,no
5684-FJVYR,yes
4013-GUXND,no
1894-IGFSG,no
7379-POKDZ,no
1266-NZYUI,yes
7969-FFOWG,no
5175-WLYXL,yes
7817-OMJNA,no
8728-SKJLR,no
3137-NYQQI,no
7706-DZNKK,no
0236-HFWSV,yes
3900-AQPHZ,no
5842-POCOP,no
2037-XJFUP,no
8823-RLPWL,yes
7314-OXENN,yes
3758-CKOQL,yes
0322-CHQRU,no
5676-CFLYY,no
7521-AFHAB,no
0285-INHLN,no
4678-DVQEO,no
0691-IFBQW,yes
4992-LTJNE,yes
2202-OUTMO,yes
0810-BDHAW,yes
0229-LFJAF,yes
3442-ZHHCC,yes
5726-CVNYA,no
9871-ELEYA,no
5173-WXOQV,no
2040-OBMLJ,yes
6286-ZHAOK,yes
3807-XHCJH,no
3009-JWMPU,yes
5671-RQRLP,yes
1450-GALXR,yes
8859-AXJZP,yes
3174-AKMAS,no
3138-BKYAV,no
9926-PJHDQ,yes
7382-DFJTU,no
2798-NYLMZ,yes
4289-DTDKW,yes
1820-TQVEV,no
2239-JALAW,yes
4853-RULSV,yes
8098-TDCBU,yes
4785-NKHCX,no
3196-NVXLZ,yes
6275-YDUVO,no
0036-IHMOT,no
0115-TFERT,yes
4178-EGMON,yes
4220-TINQT,yes
5318-YKDPV,no
7975-TZMLR,yes
0295-QVKPB,no
4335-BSMJS,yes
2311-QYMUQ,no
3643-AHCFP,yes
9146-JRIOX,yes
3104-OWCGK,no
9101-BWFSS,yes
9650-VBUOG,yes
3487-EARAT,no
2672-TGEFF,yes
9231-ZJYAM,no
4250-WAROZ,yes
8184-WMOFI,no
6982-SSHFK,no
6092-QZVPP,no
4625-LAMOB,no
0727-BMPLR,yes
0392-BZIUW,yes
1038-ZAGBI,no
3027-ZTDHO,no
0422-OHQHQ,no
6916-HIJSE,no
9778-OGKQZ,yes
7408-OFWXJ,yes
6007-TCTST,yes
2252-NKNSI,yes
8713-IGZSO,yes
7905-TVXTA,no
7695-PKLCZ,no
2382-BCKQJ,yes
8374-UULRV,yes
2207-NHRJK,no
3224-DFQNQ,yes
4795-UXVCJ,no
9777-IQHWP,yes
0947-MUGVO,no
9944-HKVVB,no
4124-MMETB,yes
3671-SHRSP,no
2732-ISEZX,no
3313-QKNKB,yes
0323-XWWTN,yes
1937-OTUKY,yes
1573-LGXBA,no
1764-VUUMT,no
4713-ZBURT,yes
0207-MDKNV,no
7945-HLKEA,yes
9342-VNIMQ,yes
9851-KIELU,no
3523-BRGUW,no
3908-BLSYF,no
3199-NPKCN,yes
4661-NJEUX,no
2123-AGEEN,no
1258-YMZNM,yes
0048-LUMLS,no
7549-MYGPK,yes
5898-IGSLP,yes
3804-RVTGV,yes
6259-WJQLC,yes
7997-EASSD,yes
0730-KOAVE,yes
8975-SKGRX,yes
0678-RLHVP,yes
4315-MURBD,no
2267-FPIMA,yes
1051-GEJLJ,no
9734-YWGEX,yes
2719-BDAQO,no
5285-MVEHD,no
0379-DJQHR,no
0781-LKXBR,yes
5543-QDCRY,no
0297-RBCSG,no
4694-PHWFW,no
0835-JKADZ,yes
1907-UBQFC,no
7508-SMHXL,yes
3865-YIOTT,yes
5993-BQHEA,no
6024-RUGGH,yes
6513-EECDB,yes
3956-CJUST,no
6103-BOCOU,yes
5149-TGWDZ,no
7471-WNSUF,yes
8942-DBMHZ,no
4301-VVZKA,yes
9199-PWQVC,yes
4824-GUCBY,no
5393-HJZSM,no
7074-IEVOJ,yes
9625-QSTYE,no
0862-PRCBS,yes
8812-ZRHFP,no
5146-CBVOE,no
0454-OKRCT,no
5787-KXGIY,no
4750-ZRXIU,yes
6630-UJZMY,yes
5709-LVOEQ,no
6400-BWQKW,yes
2692-AQCPF,yes
0347-UBKUZ,no
0835-DUUIQ,no
7567-ECMCM,no
6353-BRMMA,yes
6680-WKXRZ,yes
6231-WFGFH,no
9904-EHEVJ,yes
7028-DVOIQ,yes
6169-PPETC,no
4208-UFFGW,no
8584-KMVXD,no
8467-WYNSR,no
0851-DFJKB,no
5382-SOYZL,yes
9448-REEVD,no
3261-CQXOL,yes
8388-FYNPZ,no
4002-BQWPQ,yes
5651-YLPRD,no
4378-BZYFP,no
9489-UTFKA,no
4849-PYRLQ,yes
9117-SHLZX,no
9889-TMAHG,no
4541-RMRLG,no
7764-BDPEE,no
3429-IFLEM,no
3158-MOERK,yes
7294-TMAOP,no
5002-GCQFH,yes
0556-FJEGU,no
0604-THJFP,no
2834-JRTUA,yes
5875-YPQFJ,no
5879-SESNB,yes
6646-QVXLR,yes
6461-PPAXN,no
3318-ISQFQ,no
1106-HRLKZ,no
2483-XSSMZ,no
8603-IJWDN,yes
8165-ZJRNM,yes
9369-XFEHK,yes
2604-XVDAM,no
3717-OFRTN,no
9046-JBFWA,no
3280-NMUVX,no
1206-EHBDD,no
8361-LBRDI,yes
4883-KCPZJ,yes
9108-EQPNQ,yes
7277-KAMWT,no
3842-IYKUE,yes
6641-XRPSU,no
1374-DMZUI,yes
2545-LXYVJ,no
3234-VKACU,no
8357-EQXFO,no
1989-PRJHP,yes
8120-JDCAM,no
8917-FAEMR,no
7047-YXDMZ,no
2858-EIMXH,yes
9524-EGPJC,yes
6993-OHLXR,no
8818-XYFCQ,yes
6419-ZTTLE,no
0929-HYQEW,no
7426-RHZGU,no
4065-JJAVA,no
4695-VADHF,no
3863-IUBJR,no
7649-SIJJF,yes
9361-YNQWJ,yes
9391-TTOYH,no
1452-XRSJV,no
3422-WJOYD,no
8242-SOQUO,no
7460-ITWWP,no
7147-AYBAA,no
7868-TMWMZ,no
4822-RVYBB,yes
6732-FZUGP,yes
8436-BJUMM,yes
4184-TJFAN,no
8329-GWVPJ,no
1352-VHKAJ,yes
4145-UQXUQ,no
2632-TACXW,yes
8146-QQKZH,no
1767-CJKBA,yes
6445-TNRXS,yes
4869-EPIUS,no
9948-YPTDG,no
1236-WFCDV,no
1915-OAKWD,no
7296-PIXQY,no
4883-QICIH,no
3354-OADJP,no
3524-WQDSG,yes
0810-DHDBD,yes
4026-SKKHW,no
2829-HYVZP,no
8329-IBCTI,no
7013-PSXHK,yes
5981-ITEMU,yes
3486-NPGST,no
6941-PMGEP,no
1624-WOIWJ,no
2074-GKOWZ,no
0376-YMCJC,yes
6100-FJZDG,no
4829-ZLJTK,yes
1730-VFMWO,no
7143-BQIBA,no
3800-LYTRK,no
0634-SZPQA,yes
9646-NMHXE,no
7030-NJVDP,no
5536-RTPWK,yes
8883-GRDWQ,no
6166-ILMNY,no
3097-NNSPB,no
0655-RBDUG,yes
2111-DWYHN,no
4194-WHFCB,yes
4121-AGSIN,yes
4361-BKAXE,yes
9845-PEEKO,yes
0455-XFASS,no
0301-KOBTQ,no
1751-NCDLI,yes
4367-NUYAO,yes
9878-TNQGW,no
9170-ARBTB,no
4441-NIHPT,no
8999-BOHSE,no
7241-AJHFS,yes
7029-RPUAV,yes
4546-FOKWR,yes
9036-CSKBW,yes
5832-TRLPB,no
8590-YFFQO,no
8659-IOOPU,yes
1338-CECEE,yes
7439-DKZTW,no
4646-QZXTF,no
4607-CHPCA,no
9742-XOKTS,yes
6921-OZMFH,yes
9578-FOMUK,yes
4712-UYOOI,no
8824-RWFXJ,no
7722-CVFXN,yes
8717-VCTXJ,no
7363-QTBIW,no
4159-NAAIX,yes
0971-QIFJK,yes
9397-TZSHA,yes
3391-JSQEW,no
9763-PDTKK,no
2176-LVPNX,yes
7627-JKIAZ,yes
3312-UUMZW,yes
1271-UODNO,yes
8461-EFQYM,yes
6900-RBKER,yes
6891-JPYFF,yes
1047-NNCBF,no
3696-XRIEN,yes
0074-HDKDG,no
8791-GFXLZ,no
8111-SLLHI,yes
0927-LCSMG,no
9330-DHBFL,no
0098-BOWSO,no
3452-ABWRL,yes
5859-HZYLF,no
8257-RZAHR,yes
5293-WXJAK,yes
3156-QLHBO,no
2208-NQBCT,no
1779-PWPMG,yes
6621-NRZAK,no
0831-JNISG,no
0774-IFUVM,yes
3082-WQRVY,no
9553-DLCLU,yes
1641-BYBTK,no
2460-NGXBJ,yes
2446-ZKVAF,yes
3522-CDKHF,no
0411-EZJZE,yes
7851-WZEKY,yes
8844-TONUD,no
8992-CEUEN,no
4320-QMLLA,no
8777-PVYGU,no
8292-ITGYJ,yes
6870-ZWMNX,yes
0621-CXBKL,no
5268-DSMNQ,yes
5334-JLAXU,yes
4086-YQSNZ,no
6242-MBHPK,no
9359-UGBTK,no
0135-NMXAP,yes
4782-OSFXZ,yes
6479-OAUSD,no
7129-ACFOG,yes
4189-NAKJS,yes
5562-BETPV,no
9127-FHJBZ,yes
6270-OMFIW,no
1641-RQDAY,yes
0107-WESLM,no
6994-ORCWG,yes
1346-UFHAX,yes
3992-YWPKO,yes
2933-XEUJM,yes
0125-LZQXK,no
5461-QKNTN,yes
4835-YSJMR,no
8399-YNDCH,no
0887-WBJVH,no
4660-IRIBM,no
5673-FSSMF,yes
7670-ZBPOQ,yes
8089-UZWLX,yes
0080-OROZO,no
3916-NRPAP,no
6807-SIWJI,yes
8221-HVAYI,yes
1579-KLYDT,yes
5232-NXPAY,no
8967-SZQAS,no
4468-KAZHE,no
0455-ENTCR,yes
8944-AILEF,no
5542-NKVRU,no
7126-RBHSD,yes
5370-IIVVL,yes
6789-HJBWG,no
3927-NLNRY,no
9087-EYCPR,yes
6358-LYNGM,yes
6077-BDPXA,no
0013-MHZWF,no
5494-HECPR,no
8268-YDIXR,yes
9824-BEMCV,no
1373-ORVIZ,yes
4291-SHSBH,no
6980-IMXXE,no
9866-QEVEE,yes
9897-KXHCM,no
0040-HALCW,no
0784-GTUUK,yes
7979-CORPM,yes
2294-DMMUS,yes
0872-JCPIB,yes
9091-WTUUY,no
1618-CFHME,yes
3165-HDOEW,no
7115-IRDHS,yes
8496-DMZUK,yes
2040-VZIKE,yes
9068-VPWQQ,yes
0178-SZBHO,yes
0384-RVBPI,no
1689-MRZQR,no
1299-AURJA,yes
4525-VZCZG,no
1543-LLLFT,yes
5835-BEQEU,yes
2788-CJQAQ,no
5565-FILXA,yes
0319-QZTCO,no
2120-SMPEX,no
0096-FCPUF,yes
5552-ZNFSJ,no
2223-KAGMX,no
6507-ZJSUR,no
9408-HRXRK,yes
5593-SUAOO,yes
7321-PKUYW,yes
2833-SLKDQ,no
6766-HFKLA,yes
7595-EUIVN,no
7617-EYGLW,no
2026-TGDHM,no
9220-ZNKJI,no
2226-ICFDO,yes
5529-GIBVH,no
4187-CINZD,no
9992-UJOEL,no
4741-WWJQZ,no
6625-UTXEW,no
6818-WOBHJ,yes
6244-BESBM,no
1004-NOZNR,no
1251-STYSZ,yes
2612-PHGOX,yes
2408-TZMJL,yes
8480-PPONV,yes
8780-IHCRN,yes
1257-SXUXQ,no
9681-KYGYB,yes
7182-OVLBJ,yes
5095-ETBRJ,no
7005-CYUIL,no
4821-WQOYN,no
3452-FLHYD,no
2388-LAESQ,yes
9531-NSBMR,no
6260-ONULR,no
4389-UEFCZ,yes
8711-LOBKY,no
9134-CEQMF,no
8985-OOPOS,no
8800-ZKRFW,yes
2616-FLVQC,no
9968-FFVVH,yes
3108-PCCGG,yes
7993-PYKOF,no
8390-FESFV,yes
3022-BEXHZ,yes
5027-XWQHA,no
6248-TKCQV,yes
6729-GDNGC,no
6198-ZFIOJ,yes
4566-QVRRW,no
1291-CUOCY,yes
9795-SHUHB,no
3230-IUALN,no
0042-RLHYP,no
8519-IMDHU,yes
4945-RVMTE,no
0201-OAMXR,yes
1866-NXPSP,no
3372-KWFBM,yes
7831-QGOXH,yes
6393-WRYZE,yes
1661-CZBAU,yes
6599-RCLCJ,yes
9831-BPFRI,yes
5158-RIVOP,no
9788-YTFGE,no
9277-JOOMO,yes
1907-YLNYW,no
1725-MIMXW,no
8947-YRTDV,no
3161-ONRWK,no
0114-RSRRW,no
4565-NLZBV,yes
0031-PVLZI,no
7206-GZCDC,no
4791-QRGMF,yes
6475-VHUIZ,no
3910-MRQOY,no
0661-WCQNQ,no
4656-CAURT,yes
4671-LXRDQ,no
3733-LSYCE,no
6265-FRMTQ,no
1934-SJVJK,no
3838-OZURD,yes
9269-CQOOL,no
2017-CCBLH,no
7690-KPNCU,no
0536-BGFMZ,no
2293-IJWPS,yes
2845-HSJCY,yes
5469-NUJUR,no
1184-PJVDB,no
4102-HLENU,yes
7266-GSSJX,no
7073-QETQY,no
9415-DPEWS,yes
5624-RYAMH,no
0196-JTUQI,yes
7130-YXBRO,yes
9272-LSVYH,no
7943-RQCHR,yes
3793-MMFUH,yes
3249-ZPQRG,yes
2568-BRGYX,no
3084-DOWLE,yes
1084-MNSMJ,no
7249-WBIYX,yes
4238-HFHSN,yes
6250-CGGUN,no
5478-JJVZK,yes
7596-IIWYC,no
6567-HOOPW,no
9793-WECQC,no
4291-HPAXL,no
8999-YPYBV,no
1839-FBNFR,no
3164-AALRN,no
3071-MVJCD,yes
1697-BCSHV,yes
1131-SUEKT,no
3717-OEAUQ,no
4538-WNTMJ,yes
3334-CTHOL,yes
4704-ERYFC,no
9432-RUVSL,no
8060-HIWJJ,yes
7684-XSZIY,yes
9089-UOWJG,no
8621-MNIHH,yes
8039-ACLPL,no
9885-AIBVB,yes
1934-MKPXS,no
2592-YKDIF,no
2272-JKMSI,yes
0471-LVHGK,yes
9518-RWHZL,yes
8714-CTZJW,no
3569-EDBPQ,yes
3131-NWVFJ,no
7521-YXVZY,no
5419-CONWX,no
2373-NTKOD,no
1970-KKFWL,yes
6960-HVYXR,yes
9337-SRRNI,yes
5678-VFNEQ,yes
5977-CKHON,yes
7024-OHCCK,yes
2692-BUCFV,no
7861-UVUFT,no
1830-GGFNM,yes
5302-BDJNT,yes
5223-UZAVK,no
5651-WYIPH,no
9350-VLHMB,yes
3498-LZGQZ,no
8785-CJSHH,yes
5357-TZHPP,yes
3870-SPZSI,yes
0680-DFNNY,yes
7560-QRBXH,no
7077-XJMET,no
8752-GHJFU,yes
6896-SRVYQ,no
7767-UXAGJ,yes
4652-ODEVH,yes
6510-UPNKS,yes
6718-BDGHG,yes
9046-DQMTP,no
6439-LAJXL,no
1571-SAVHK,yes
9052-VKDUW,yes
9546-CQJSU,yes
1666-JZPZT,yes
5777-KJIRB,no
0506-LVNGN,no
7677-SJJJK,no
2480-EJWYP,yes
3253-HKOKL,no
7055-HNEOJ,no
5514-YQENT,no
3211-AAPKX,yes
8445-DNBAE,yes
2951-QOQTK,yes
2958-NHPPS,no
6806-YDEUL,no
1735-XMJVH,no
6890-PFRQX,yes
5899-OUVKV,no
8681-ICONS,no
1621-YNCJH,yes
3473-XIIIT,yes
6362-QHAFM,yes
7893-IXHRQ,no
3070-BDOQC,no
2952-QAYZF,yes
6234-PFPXL,yes
9824-QCJPK,no
4763-PGDPO,no
4283-IVYCI,no
1866-OBPNR,no
8205-MQUGY,no
8970-ANWXO,yes
9480-BQJEI,yes
5394-SVGJV,yes
6979-TNDEU,no
9777-WJJPR,yes
9283-LZQOH,yes
7079-QRCBC,yes
9495-SKLKD,yes
6048-UWKAL,yes
5067-DGXLL,no
5469-CTCWN,yes
9851-QXEEQ,yes
9290-SHCMB,no
0743-HNPFG,no
2277-BKJKN,no
9809-IMGCQ,yes
5208-HFSBT,no
5035-PGZXH,yes
8695-WDYEA,no
6543-JXSOO,no
8016-ZMGMO,yes
8605-ITULD,no
3254-YRILK,yes
6416-YJTTB,no
2667-WYLWJ,no
4472-VESGY,yes
3195-TQDZX,no
3128-YOVTD,no
0529-ONKER,yes
1728-CXQBE,yes
5014-GSOUQ,no
5724-BIDBU,yes
0481-SUMCB,yes
1769-GRUIK,no
5240-IJOQT,yes
7427-AUFPY,no
2811-POVEX,no
1092-GANHU,no
7898-PDWQE,yes
9972-EWRJS,no
9314-IJWSQ,yes
5799-JRCZO,no
1921-KYSAY,yes
6198-RTPMF,yes
2924-KHUVI,yes
1925-GMVBW,no
6184-DYUOB,no
9207-ZPANB,yes
5766-XQXMQ,no
9327-QSDED,no
1656-DRSMG,yes
3012-VFFMN,no
2984-AFWNC,no
0640-YJTPY,no
8096-LOIST,no
9764-REAFF,no
3703-VAVCL,no
7107-UBYKY,yes
4881-GQJTW,no
8519-QJGJD,no
7876-DNYAP,no
7905-NJMXS,yes
2882-WDTBA,no
2091-GPPIQ,yes
6326-MTTXK,yes
5071-FBJFS,no
2796-UUZZO,no
2429-AYKKO,no
9798-OPFEM,no
0330-IVZHA,no
3794-NFNCH,no
5193-QLVZB,yes
7114-AEOZE,no
2886-KEFUM,yes
5522-NYKPB,no
4237-RLAQD,no
9957-YODKZ,yes
6518-KZXCB,yes
2245-ADZFJ,yes
7776-QGYJC,no
9313-QOLTZ,no
9651-GTSAQ,no
3186-BAXNB,no
4672-FOTSD,yes
0637-YLETY,yes
9818-XQCUV,no
1157-BQCUW,yes
3223-DWFIO,no
2660-EMUBI,yes
6968-GMKPR,no
4751-ERMAN,no
1436-ZMJAN,no
3292-PBZEJ,yes
0799-DDIHE,no
3070-FNFZQ,no
2812-SFXMJ,no
7675-OZCZG,no
5014-WUQMG,no
5312-TSZVC,no
2003-CKLOR,no
0993-OSGPT,no
9254-RBFON,no
1205-WNWPJ,no
9391-EOYLI,no
7108-DGVUU,yes
5127-BZENZ,yes
2720-FVBQP,yes
4522-XRWWI,yes
3766-EJLFL,yes
5939-SXWHM,yes
8152-UOBNY,yes
7351-KYHQH,no
7643-RCHXS,no
8246-SHFGA,no
8387-MOJJT,no
0620-XEFWH,no
6485-QXWWE,yes
2761-OCIAX,no
7321-VGNKU,no
5327-CNLUQ,yes
7552-KEYGT,no
5816-JMLGY,no
3068-OMWZA,yes
2927-QRRQV,yes
6032-KRXXO,no
7459-RRWQZ,yes
6265-SXWBU,yes
7941-RCJOW,no
6374-NTQLP,no
4154-AQUGT,no
2387-KDZQY,no
3584-WKTTW,yes
3399-BMLVW,no
1971-DTCZB,yes
3092-IGHWF,yes
3374-PZLXD,no
2812-REYAT,no
6518-PPLMZ,no
4939-KYYPY,yes
8017-LXHFA,no
5930-GBIWP,yes
6352-TWCAU,yes
2361-UPSND,no
6035-RIIOM,yes
2929-QNSRW,yes
1262-OPMFY,no
9504-DSHWM,yes
5035-BVCXS,no
6267-DCFFZ,yes
3533-UVMOM,no
2439-LYPMQ,yes
4248-QPAVC,yes
1899-VXWXM,yes
1478-VPOAD,no
2988-PLAHS,no
1371-OJCEK,yes
8883-ANODQ,yes
4690-LLKUA,no
2351-RRBUE,no
5980-BDHPY,yes
1498-DQNRX,no
9469-WEJBT,no
3331-HQDTW,yes
9490-DFPMD,yes
2581-VKIRT,yes
5442-XSDCW,no
7426-WEIJX,yes
2851-MMUTZ,no
3049-NDXFL,yes
8580-AECUZ,no
6625-FLENO,no
2967-MXRAV,no
7963-GQRMY,no
8189-HBVRW,yes
4163-KIUHY,yes
1228-FZFRV,yes
3500-NSDOA,yes
1171-TYKUR,yes
3761-FLYZI,yes
2058-DCJBE,no
5364-XYIRR,yes
4829-AUOAX,yes
1219-NNDDO,yes
8388-DMKAE,no
4403-BWPAY,yes
9659-QEQSY,yes
5405-ZMYXQ,yes
5047-LHVLY,no
1442-OKRJE,no
4737-AQCPU,yes
9158-VCTQB,yes
2808-CHTDM,yes
6311-UEUME,no
0793-TWELN,yes
3283-WCWXT,yes
1060-ENTOF,yes
0999-QXNSA,no
5451-MHQOF,yes
4836-WNFNO,yes
9225-BZLNZ,yes
0354-VXMJC,no
4422-QVIJA,yes
9365-SRSZE,no
6839-ITVZJ,yes
8332-OSJDW,yes
4735-BJKOU,no
5740-YHGTW,yes
8917-SZTTJ,no
7359-WWYJV,yes
4906-ZHGPK,yes
8593-WHYHV,yes
3795-GWTRD,no
1298-PHBTI,yes
6223-DHJGV,no
6961-MJKBO,no
6097-EQISJ,yes
4423-YLHDV,yes
0107-YHINA,yes
4918-FYJNT,yes
0727-BNRLG,yes
4854-CIDCF,no
8640-SDGKB,no
3280-MRDOF,yes
6435-SRWBJ,yes
9964-WBQDJ,yes
6303-KFWSL,yes
1702-CCFNJ,yes
8932-CZHRQ,yes
0386-CWRGM,no
5515-RUGKN,no
0404-AHASP,no
7279-NMVJC,no
2081-VEYEH,no
6407-UTSLV,no
4116-TZAQJ,no
2587-YNLES,no
7398-SKNQZ,yes
5935-FCCNB,yes
1958-RNRKS,yes
5136-RGMZO,yes
8345-MVDYC,no
8226-BXGES,yes
3877-JRJIP,yes
8375-DKEBR,no
9705-IOVQQ,yes
1015-OWJKI,no
2040-XBAVJ,yes
7551-JOHTI,no
8887-IPQNC,no
8646-JCOMS,yes
9804-ICWBG,no
1222-KJNZD,no
0106-GHRQR,yes
5318-IXUZF,no
3768-VHXQO,yes
8952-WCVCD,no
2418-TPEUN,no
3963-RYFNS,yes
3198-VELRD,yes
8540-ZQGEA,no
1320-REHCS,yes
4137-JOPHL,no
9436-ZBZCT,yes
7801-CEDNV,no
2057-BOYKM,yes
3658-QQJYD,no
1803-BGNBD,no
0134-XWXCE,no
6950-TWMYB,no
5848-FHRFC,no
2243-FNMMI,no
2511-MORQY,yes
5356-KZCKT,yes
9470-XCCEM,yes
6519-CFDBX,no
3902-MIVLE,yes
0409-WTMPL,yes
8763-KIAFH,no
3669-WHAFY,yes
3055-VTCGS,no
3144-KMTWZ,yes
7279-BUYWN,yes
7156-MHUGY,no
7198-GLXTC,no
2007-QVGAW,no
5207-PLSTK,no
2307-FYNNL,yes
5605-XNWEN,yes
2155-AMQRX,yes
6181-AXXYF,yes
5091-HFAZW,no
0516-VRYBW,no
2519-LBNQL,yes
8623-ULFNQ,yes
8380-PEFPE,no
5687-DKDTV,no
1568-LJSZU,yes
7530-HDYDS,no
7789-HKSBS,yes
7416-CKTEP,no
3096-IZETN,no
2348-KCJLT,no
8401-EMUWF,yes
4193-IBKSW,yes
5377-NDTOU,yes
5922-ABDVO,yes
2474-LCNUE,yes
0839-QNXME,no
3506-OVLKD,yes
9172-ANCRX,yes
6650-VJONK,no
2178-PMGCJ,no
6016-LVTJQ,no
7860-KSUGX,yes
8966-KZXXA,yes
6910-HADCM,no
4816-LXZYW,yes
9606-PBKBQ,yes
5149-QYTTU,yes
2070-XYMFH,yes
2085-BOJKI,no
0817-HSUSE,no
5442-PPTJY,no
1927-QEWMY,no
1663-MHLHE,no
5663-QBGIS,yes
4450-MDZFX,yes
7554-AKDQF,no
3536-IQCTX,yes
4911-BANWH,yes
8496-EJAUI,no
0794-YVSGE,no
5423-BHIXO,yes
6908-VVYHM,yes
1839-UMACK,yes
3030-YDNRM,yes
7321-KKSDU,no
3402-XRIUO,yes
8286-AFUYI,no
8080-DDEMJ,no
8356-WUAOJ,no
6365-MTGZX,no
1349-WXNGG,no
8058-DMYRU,yes
9350-ZXYJC,yes
6990-YNRIO,yes
8958-JPTRR,yes
6959-GQEGV,no
3173-WSSUE,no
1265-HVPZB,no
7369-TRPFD,no
1098-KFQEC,no
7190-XHTWJ,no
0621-TWIEM,no
3537-RYBHH,yes
3669-OYSJI,no
1612-EOHDH,no
5296-BFCYD,no
4510-PYUSH,no
9359-JANWS,no
7517-SAWMO,no
4143-HHPMK,no
3279-DYZQM,no
7054-LGEQW,no
9575-IWCAZ,yes
7105-MXJLL,no
7064-FRRSW,yes
7940-UQQUG,yes
0923-PNFUB,no
3961-SXAXY,no
7010-BRBUU,yes
3566-HJGPK,no
3062-ICYZQ,yes
9938-PRCVK,no
0973-KYVNF,no
5129-HHMZC,yes
9637-CDTKZ,yes
3946-JEWRQ,yes
7873-CVMAW,yes
0463-WZZKO,no
3494-JCHRQ,no
6474-FVJLC,yes
5832-EXGTT,no
8840-DQLGN,yes
2039-JONDJ,no
7217-JYHOQ,no
6695-FRVEC,no
4547-LYTDD,yes
9894-QMIMJ,no
6770-XUAGN,no
4193-ORFCL,no
3466-WAESX,yes
3638-VBZTA,yes
7459-IMVYU,yes
7776-QWNFX,no
6689-TCZHQ,no
8563-OYMQY,no
0754-EEBDC,no
5777-ZPQNC,no
1951-IEYXM,yes
3318-NMQXL,no
3143-ILDAL,yes
1022-RKXDR,yes
2272-UOINI,no
8232-UTFOZ,no
3750-YHRYO,no
5668-MEISB,yes
0129-QMPDR,no
7188-CBBBA,yes
5356-CSVSQ,yes
3221-CJMSG,no
4720-VSTSI,yes
3219-JQRSL,yes
2801-NISEI,no
3946-MHCZW,no
4623-ZKHLY,no
6732-VAILE,yes
8201-AAXCB,yes
7696-CFTAT,no
1845-CSBRZ,yes
2123-VSCOT,yes
6651-AZVTJ,yes
4566-GOLUK,yes
2484-DGXPZ,no
2018-QKYGT,no
2792-VPPET,no
7409-JURKQ,yes
3247-MHJKM,no
1964-SVLEA,no
4587-NUKOX,no
7297-DVYGA,no
2239-CGBUZ,no
0854-UYHZD,no
7243-LCGGZ,no
8267-KFGYD,no
4890-VMUAV,yes
9261-WDCAF,no
3764-MNMOI,no
7442-YGZFK,yes
8229-BUJHX,no
7449-HVPIV,yes
5504-WSIUR,yes
8183-ONMXC,no
8466-PZBLH,yes
9614-RMGHA,yes
8735-IJJEG,no
0564-MUUQK,yes
5054-IEXZT,no
5834-ASPWA,yes
0701-RFGFI,yes
0019-EFAEP,yes
5619-PTMIK,yes
3737-XBQDD,yes
5846-QFDFI,yes
4445-KWOKW,yes
3511-APPBJ,no
7967-HYCDE,no
2430-RRYUW,no
3948-XHGNA,no
3723-BFBGR,yes
0565-IYCGT,yes
5447-WZAFP,no
5445-UTODQ,no
4425-OWHWB,no
7892-QVYKW,yes
9675-ICXCT,no
1024-VRZHF,yes
4703-MQYKT,no
9497-QCMMS,yes
5692-ICXLW,yes
0602-DDUML,no
2208-MPXIO,no
1960-UYCNN,yes
0348-SDKOL,yes
3190-FZATL,no
7336-RLLRH,yes
4373-MAVJG,yes
7710-JSYOA,yes
5419-KLXBN,no
3424-NMNBO,yes
4514-GFCFI,yes
0607-MVMGC,yes
3365-SAIGS,no
9828-AOQLM,no
8022-BECSI,no
8000-REIQB,no
9993-LHIEB,no
0266-CLZKZ,yes
3858-VOBET,yes
7020-OZKXZ,no
3977-QCRSL,no
1447-PJGGA,no
8565-CLBZW,yes
9139-WQQDY,yes
0224-HJAPT,yes
8086-OVPWV,no
9430-FRQOC,yes
7639-OPLNG,yes
3074-GQWYX,yes
1492-QGCLU,yes
6845-RGTYS,yes
7328-OWMOM,no
4418-LZMSV,no
5155-AZQPB,yes
8861-HGGKB,yes
1087-GRUYI,no
7065-YUNRY,no
7694-VLBWQ,yes
2546-KZAAT,no
0181-RITDD,no
5989-PGKJB,no
4795-KTRTH,yes
8272-ONJLV,no
1488-PBLJN,yes
0308-GIQJT,yes
3778-FOAQW,no
4452-ROHMO,no
6481-OGDOO,no
3090-LETTY,yes
3753-TSEMP,no
8305-VHZBZ,no
9720-JJJOR,no
8100-HZZLJ,no
8775-ERLNB,yes
8309-IEYJD,no
9172-JITSM,no
6298-QDFNH,yes
7398-HPYZQ,yes
3546-GHEAE,no
7361-YPXFS,yes
6557-BZXLQ,no
2550-QHZGP,no
7519-JTWQH,yes
8543-MSDMF,no
9961-JBNMK,no
1170-SASML,yes
5346-BZCHP,no
2038-LLMLM,yes
6173-ITPWD,yes
9734-UYXQI,yes
1216-BGTSP,yes
4138-NAXED,yes
2189-UXTKY,yes
0744-BIKKF,yes
7483-IQWIB,yes
5248-KWLAR,yes
4958-GZWIY,no
7996-MHXLW,yes
7833-PKIHD,no
7061-OVMIM,no
5153-RTHKF,yes
1852-QSWCD,yes
4832-VRBMR,yes
9079-LWTFD,yes
6356-ELRKD,no
8624-GIOUT,yes
3392-EHMNK,yes
5986-WWXDV,no
3061-BCKYI,no
6179-GJPSO,no
7901-TBKJX,yes
7228-PAQPD,no
3177-LASXD,no
7746-QYVCO,no
5804-HYIEZ,yes
9919-FZDED,yes
5934-TSSAU,no
3486-KHMLI,yes
4897-QSUYC,no
1084-UQCHV,no
8290-YWKHZ,yes
2955-BJZHG,no
6784-XYJAE,yes
8957-THMOA,no
2251-PYLPB,yes
5555-RNPGT,yes
1057-FOGLZ,no
9300-RENDD,no
0761-AETCS,no
8087-LGYHQ,no
4137-BTIKL,yes
2190-BCXEC,yes
6227-FBDXH,yes
2153-MREFK,yes
2911-WDXMV,yes
7206-PQBBZ,no
3106-ULWFW,yes
0925-VYDLG,yes
4547-FZJWE,no
7422-WNBTY,yes
0842-IWYCP,no
3521-HTQTV,yes
3744-ZBHON,no
3373-DIUUN,no
8383-SGHJU,yes
7607-QKKTJ,yes
7707-PYBBH,no
8984-HPEMB,yes
4349-GFQHK,yes
9779-DPNEJ,no
9805-FILKB,no
5793-YOLJN,no
0673-IGUQO,no
4123-FCVCB,yes
8819-IMISP,yes
8311-UEUAB,yes
5858-EAFCZ,no
1163-ONYEY,yes
9787-XVQIU,yes
8945-MUQUF,yes
6082-OQFBA,no
8051-HJRLT,no
8974-OVACP,no
4010-YLMVT,yes
1379-FRVEB,yes
8612-GXIDD,yes
6288-CHQJB,no
8160-HOWOX,no
3023-GFLBR,yes
6648-INWPS,no
4223-BKEOR,no
4079-VTGLK,yes
1763-WQFUK,no
1391-UBDAR,no
8894-JVDCV,yes
2023-VQFDL,no
1345-GKDZZ,no
2014-MKGMH,yes
5628-FCGYG,yes
2560-WBWXF,yes
0248-IPDFW,yes
7978-DKUQH,no
4335-UPJSI,no
0524-IAVZO,yes
2737-YNGYW,no
1784-EZDKJ,yes
9297-FVVDH,yes
8007-YYPWD,yes
7101-HRBLJ,no
5159-YFPKQ,no
6635-CPNUN,yes
4021-RQSNY,yes
5453-YBTWV,no
5039-LZRQT,no
2931-VUVJN,yes
9061-TIHDA,yes
8699-ASUFO,yes
6418-PIQSP,no
8220-OCUFY,no
3995-WFCSM,no
1895-QTKDO,no
2038-OEQZH,no
1178-PZGAB,no
7927-AUXBZ,no
2626-VEEWG,no
2878-RMWXY,yes
1657-DYMBM,no
7311-MQJCH,no
7375-WMVMT,no
1136-XGEQU,yes
2530-FMFXO,yes
6844-DZKRF,no
4695-WJZUE,yes
7619-ODSGN,yes
5970-GHJAW,no
8879-XUAHX,yes
4195-PNGZS,yes
5003-XZWWO,yes
3988-RQIXO,no
7622-FWGEW,no
6922-NCEDI,no
2514-GINMM,no
9891-NQDBD,yes
6131-IUNXN,no
8548-AWOFC,yes
9798-DRYDS,yes
8532-UEFWH,yes
6296-DDOOR,no
7951-VRDVK,no
5931-FLJJF,no
4815-YOSUK,yes
2659-VXMWZ,yes
0380-NEAVX,no
3207-OYBWH,yes
4285-GYRQC,no
7216-EWTRS,yes
4365-MSDYN,no
7036-TYDEC,yes
5802-ADBRC,yes
8076-FEZKJ,no
5197-YPYBZ,yes
8337-MSSXB,no
8495-LJDFO,yes
0839-JTCUD,yes
5494-WOZRZ,no
1302-UHBDD,no
2234-EOFPT,no
8619-IJNDK,no
8378-LKJAF,yes
8182-BJDSI,yes
2528-HFYZX,no
0788-DXBFY,no
3597-YASZG,yes
3496-LFSZU,no
5242-UOWHD,no
2482-CZGBB,no
6479-SZPLM,no
8097-VBQTZ,no
4500-HKANN,yes
9917-KWRBE,yes
3420-ZDBMA,no
1393-IMKZG,no
3398-GCPMU,yes
2908-WGAXL,yes
3378-AJRAO,yes
1013-QCWAM,yes
0866-QLSIR,yes
6050-FFXES,yes
7181-BQYBV,yes
0362-RAOQO,no
9554-DFKIC,yes
5527-ACHSO,no
0829-DDVLK,no
1399-UBQIU,no
1813-JLKWR,no
0336-PIKEI,no
7322-OCWHC,yes
9537-VHDTA,no
4957-TIALW,no
2054-PJOCK,yes
9150-HEPMB,no
9030-QGZNL,no
6204-IEUXJ,no
3126-WQMGH,yes
4529-CKBCL,no
2506-CLAKW,no
7176-WRTNX,yes
1583-IHQZE,yes
5732-IKGQH,no
9239-GZHZE,yes
7205-BAIAD,no
0151-ONTOV,no
4140-MUHUG,no
0093-EXYQL,no
8064-RAVOH,no
0219-QAERP,no
0320-JDNQG,no
7180-PISOG,yes
9168-INPSZ,yes
3571-RFHAR,yes
0015-UOCOJ,no
5334-AFQJB,yes
2754-SDJRD,yes
9578-VRMNM,yes
1587-FKLZB,yes
6140-QNRQQ,no
8963-JLGJT,no
4307-KTUMW,yes
1465-LNTLJ,no
5440-FLBQG,yes
2135-DQWAQ,no
4056-QHXHZ,yes
7488-MXJIV,yes
7401-JIXNM,yes
9339-FIIJL,yes
2027-FECZV,yes
4706-DGAHW,no
3870-MQAMG,yes
6670-MFRPK,yes
6177-PEVRA,no
4800-CZMPC,yes
4813-HQMGZ,yes
7579-KKLOE,yes
7377-DMMRI,no
8402-EIVQS,no
4947-DSMXK,yes
7245-NIIWQ,no
0002-ORFBO,no
3324-OIRTO,no
5414-OFQCB,yes
8552-OBVRU,no
8499-BRXTD,no
9154-QDGTH,yes
8197-BFWVU,yes
2577-GVSIL,yes
9367-OIUXP,no
6770-UAYGJ,yes
6463-HHXJR,yes
7928-VJYAB,no
1187-WILMM,yes
9776-OJUZI,yes
1306-RPWXZ,no
8949-JTMAY,yes
2774-LVQUS,yes
3097-PYWXL,no
2266-SJNAT,yes
0869-PAPRP,no
4238-JSSWH,yes
2972-YDYUW,yes
1104-FEJAM,yes
2809-ILCYT,yes
5499-ECUTN,no
4981-FLTMF,yes
9121-PHQSR,yes
3113-IWHLC,no
3211-ILJTT,no
4612-THJBS,yes
4277-BWBML,no
4094-NSEDU,yes
4304-TSPVK,yes
1552-AAGRX,yes
2637-FKFSY,no
7874-ECPQJ,no
0020-INWCK,yes
7089-RKVSZ,yes
9548-ZMVTX,yes
8739-XNIKG,yes
9755-JHNMN,no
3981-QSVQI,no
2789-HQBOU,no
9424-CMPOG,no
5067-WJEUN,no
3450-WXOAT,no
9251-WNSOD,yes
6974-DAFLI,no
2616-UUTFK,yes
7064-JHXCE,no
5103-MHMHY,no
4373-VVHQL,no
4559-UWIHT,yes
7268-IGMFD,yes
1846-XWOQN,no
0235-KGSLC,no
6650-BWFRT,yes
9570-KYEUA,yes
6993-YGFJV,yes
2712-SYWAY,yes
0730-BGQGF,yes
5498-IBWPI,no
9101-NTIXF,no
0013-SMEOE,no
9314-QDMDW,no
9308-ANMVE,no
2884-GBPFB,no
3757-NJYBX,yes
3413-DHLPB,yes
7649-PHJVR,no
2573-GYRUU,yes
1247-QBVSH,no
6734-GMPVK,yes
9822-OAOVB,no
6161-ERDGD,yes
1226-JZNKR,no
7318-EIVKO,yes
3771-PZOBW,yes
5136-KCKGI,yes
8231-BSWXX,yes
6486-LHTMA,yes
4083-BFNYK,yes
3722-WPXTK,no
5141-ZUVBH,no
1089-HDMKP,no
7623-HKYRK,no
0310-SUCIN,no
5197-PYEPU,yes
2929-ERCFZ,no
7548-SEPYI,no
8835-VSDSE,no
6619-RPLQZ,no
3503-TYDAY,yes
6901-GOGZG,yes
9621-OUPYD,no
9898-KZQDZ,yes
8982-NHAVY,yes
0141-YEAYS,yes
2450-ZKEED,no
9603-OAIHC,no
1133-KXCGE,no
5236-PERKL,yes
0142-GVYSN,no
2519-FAKOD,yes
8406-LNMHF,no
1821-BUCWY,no
0023-UYUPN,yes
1465-WCZVT,no
9481-SFCQY,no
6360-SVNWV,no
0567-GGCAC,no
7089-IVVAZ,yes
8884-MRNSU,no
2171-UDMFD,no
9050-IKDZA,no
2205-YMZZJ,yes
9802-CAQUT,yes
1254-IZEYF,yes
0187-WZNAB,no
9492-TOKRI,yes
1475-VWVDO,no
9221-OTIVJ,yes
1357-MVDOZ,no
7602-MVRMB,yes
3325-FUYCG,yes
5908-QMGOE,yes
1197-BVMVG,yes
5406-KGRMX,yes
8481-YYXWG,no
5968-HYJRZ,yes
5198-EFNBM,no
7516-GMHUV,yes
7140-ADSMJ,no
2230-XTUWL,no
7706-YLMQA,no
2585-KTFRE,no
7994-UYIVZ,yes
2609-IAICY,yes
7717-BICXI,no
6559-RAKOZ,yes
4716-MRVEN,no
2143-LJULT,yes
1323-OOEPC,yes
3200-MNQTF,yes
6164-HXUGH,no
5630-IXDXV,yes
0320-DWVTU,no
9135-MGVPY,no
1212-GLHMD,no
7878-JGDKK,no
1088-AUUZZ,yes
0397-GZBBC,yes
6614-YWYSC,yes
9588-OZDMQ,no
7641-EUYET,yes
6476-EPYZR,no
9921-ZVRHG,yes
1174-FGIFN,yes
6620-HVDUJ,no
4701-MLJPN,no
1032-MAELW,yes
7641-TQFHN,yes
1552-TKMXS,no
8622-ZLFKO,yes
1596-BBVTG,yes
6188-UXBBR,no
2333-KWEWW,no
5702-SKUOB,no
1134-YWTYF,no
6061-GWWAV,no
0679-TDGAK,no
6585-WCEWR,no
9067-YGSCA,yes
9067-SQTNS,no
8433-WXGNA,no
1776-SPBWV,no
8735-SDUFN,yes
9668-PUGNU,yes
9405-GPBBG,yes
1926-QUZNN,yes
3707-GNWHM,yes
7016-NVRIC,no
5829-NVSQN,no
9565-AXSMR,no
8922-LIEGH,yes
8869-LIHMK,yes
8245-UMPYT,yes
5186-SAMNZ,no
0447-RXSGD,yes
4927-WWOOZ,yes
5788-YPOEG,no
5373-SFODM,yes
0661-KBKPA,yes
9081-WWXKP,no
0784-ZQJZX,no
3133-PZNSR,yes
5766-ZJYBB,no
8931-GJJIQ,yes
4277-PVRAN,no
0022-TCJCI,no
0722-SVSFK,no
3612-YVGSJ,yes
9825-YCXWZ,no
8565-HBFNN,yes
2000-DHJUY,yes
0203-HHYIJ,yes
8670-ERCJH,yes
2050-ONYDQ,yes
7055-JCGNI,yes
4826-DXMUP,no
0952-KMEEH,yes
7285-KLOTR,yes
0654-PQKDW,no
7175-NTIXE,no
9796-BPKIW,no
0188-GWFLE,no
8129-GMVGI,no
2882-DDZPG,no
3547-LQRIK,yes
9137-NOQKA,no
5843-TTHGI,no
1849-RJYIG,no
8868-GAGIO,yes
4061-UKJWL,no
5380-XPJNZ,no
8263-QMNTJ,yes
8178-EYZUO,yes
3230-JCNZS,yes
5130-IEKQT,yes
3230-WYKIR,yes
7996-BPXHY,yes
3227-WLKLI,yes
0407-BDJKB,yes
2266-FUBDZ,no
8237-ULIXL,yes
9600-UDOPK,yes
8216-AZUUZ,no
9153-BTBVV,yes
4074-SJFFA,no
3269-ATYWD,yes
5186-PEIZU,no
1074-AMIOH,no
4910-GMJOT,yes
0354-WYROK,no
4361-FEBGN,no
7748-UMTRK,yes
0380-ZCSBI,no
7145-FEJWU,yes
6463-MVYRY,no
3969-JQABI,no
9624-EGDEQ,no
1051-EQPZR,no
5849-ASHZJ,no
5780-INQIK,no
7576-OYWBN,yes
4526-ZJJTM,no
8384-FZBJK,yes
3750-RNQKR,no
0962-CQPWQ,no
3096-YXENJ,yes
1265-BCFEO,yes
5837-LXSDN,no
5945-AZYHT,yes
8325-QRPZR,no
6384-VMJHP,no
2262-SLNVK,no
7730-CLDSV,yes
1135-HIORI,yes
0164-APGRB,yes
6481-ESCNL,yes
1790-NESIO,no
1550-EENBN,yes
5539-TMZLF,no
4446-BZKHU,yes
5976-JCJRH,no
8198-RKSZG,yes
0137-OCGAB,yes
3351-NQLDI,yes
9297-EONCV,yes
7593-JNWRU,no
4588-YBNIB,no
1069-QJOEE,no
3336-JORSO,yes
7799-DSEWS,no
8766-PAFNE,no
5315-CKEQK,yes
3130-ICDUP,yes
0820-FNRNX,yes
0880-FVFWF,yes
4213-HKBJO,yes
2792-LSHWX,no
5028-GZLDO,no
0014-BMAQU,yes
6861-XWTWQ,yes
9018-PCIOK,no
4837-QUSFT,yes
6877-TJMBR,no
9953-ZMKSM,yes
0907-HQNTS,yes
6769-DCQLI,no
2433-KMEAS,yes
4391-LNRXK,no
8250-ZNGGW,no
2195-ZRVAX,no
3550-SAHFP,yes
8562-GHPPI,no
5893-PYOLZ,no
4986-MXSFP,no
6131-FOYAS,yes
3027-YNWZU,yes
5609-IMCGG,yes
4873-ILOLJ,no
4727-MCYZG,no
9481-WHGWY,no
2725-KXXWT,no
9565-DJPIB,yes
4328-VUFWD,no
3301-LSLWQ,yes
7473-ZBDSN,no
3166-PNEOF,yes
5639-NTUPK,no
5140-FOMCQ,yes
6242-SGYTS,yes
8166-ORCHU,no
8414-OOEEL,no
8454-AATJP,yes
6849-WLEYG,no
4659-NZRUF,yes
4531-AUZNK,yes
4191-XOVOM,yes
2150-OEGBV,no
8429-XIBUM,yes
1855-CFULU,no
4878-BUNFV,no
1872-EBWSC,no
2608-BHKFN,no
7026-YMSBE,no
7341-LXCAF,yes
6997-UVGOX,no
9462-MJUAW,yes
8128-YVJRG,yes
5440-VHLUL,yes
5781-BKHOP,yes
4283-FUTGF,yes
5213-TWWJU,no
1569-TTNYJ,yes
8628-MFKAX,yes
2397-BRLOM,no
7629-WIXZF,no
5445-GLVOT,no
3976-HXHCE,no
2466-NEJOJ,no
0254-KCJGT,yes
6461-SZMCV,yes
8150-QUDFX,no
9508-ILZDG,yes
1697-LYYYX,no
1942-OQFRW,no
4749-VFKVB,yes
9640-ZSLDC,no
4231-LZUYM,yes
7598-UAASY,no
7938-OUHIO,no
8510-AWCXC,yes
3594-BDSOA,no
0431-APWVY,no
5996-DAOQL,no
6838-YAUVY,yes
0484-JPBRU,yes
7883-ROJOC,no
0244-LGNFY,yes
4295-YURET,no
3426-NIYYL,yes
8225-BTJAU,no
4635-EJYPD,no
1866-ZSLJM,no
4636-TVXVG,no
9392-XBGTD,no
3387-VATUS,yes
1143-NMNQJ,yes
1169-SAOCL,yes
1110-KYLGQ,yes
9929-PLVPA,no
3518-PZXZQ,no
2371-JUNGC,no
7693-QPEFS,yes
0924-BJCRC,yes
5074-FBGHB,yes
2351-BKRZW,no
4455-BFSPD,yes
0415-MOSGF,no
1724-BQUHA,no
3948-KXDUF,yes
2323-ARSVR,no
0815-MFZGM,no
4826-XTSOH,yes
5480-XTFFL,no
8295-FHIVV,no
9086-YJYXS,yes
1179-INLAT,no
6857-VWJDT,yes
5468-BPMMO,no
5624-BQSSA,no
0197-PNKNK,yes
2439-QKJUL,no
1194-SPVSP,no
9534-NSXEM,no
8929-KSWIH,no
2250-IVBWA,no
1810-MVMAI,yes
9506-UXUSK,no
1229-RCALF,yes
3572-UOLYZ,yes
1429-UYJSV,no
5577-OTWWW,no
6100-QQHEB,yes
6366-XIVKZ,no
3470-OBUET,yes
9375-MHRRS,no
2634-HCZGT,yes
7503-QQRVF,no
4860-YZGZM,no
6599-GZWCM,no
2691-NZETQ,yes
4404-HIBDJ,no
7037-MTYVW,yes
4760-THGOT,yes
7295-JOMMD,no
4016-BJKTZ,yes
6584-VQMYT,no
9838-BFCQT,yes
2790-XUYMV,yes
0581-MDMPW,yes
5013-SBUIH,yes
1023-BQXZE,no
9163-GHAYE,no
3904-UKFRE,yes
5353-WILCI,no
0709-TVGUR,yes
0058-EVZWM,yes
6023-YEBUP,yes
7209-JCUDS,no
7009-PCARS,no
0519-DRGTI,no
1017-FBQMM,yes
3001-CBHLQ,yes
1985-MBRYP,no
9372-TXXPS,no
3259-QMXUN,yes
1015-JPFYW,no
6645-MXQJT,no
8433-WPJTV,yes
5804-JMYIO,no
3763-GCZHZ,yes
6484-LATFU,yes
0772-GYEQQ,no
0536-ACXIP,yes
0936-NQLJU,no
4831-EOBFE,no
1575-KRZZE,no
3251-YMVWZ,yes
4102-OQUPX,yes
9170-GYZJC,yes
4884-LEVMQ,no
8857-CUPFQ,no
7610-TVOPG,yes
3638-DIMPH,no
1845-ZLLIG,no
8559-WNQZS,no
3999-QGRJH,no
1699-UOTXU,no
2454-RPBRZ,yes
0635-WKOLD,yes
5993-JSUWV,no
4518-FZBSX,no
5387-ASZNZ,yes
6988-CJEYV,yes
2002-MZHWP,no
3097-FQTVJ,no
5465-BUBFA,no
7299-GNVPL,no
9371-BITHB,no
2265-CYWIV,yes
9093-FPDLG,no
0541-FITGH,no
6985-HAYWX,yes
7508-KBIMB,no
6838-HVLXG,no
2277-DJJDL,yes
1897-OKVMW,yes
5485-ITNPC,no
0233-FTHAV,yes
4644-PIZRT,yes
8922-NPKBJ,no
2740-TVLFN,yes
7771-CFQRQ,no
9512-PHSMG,no
6963-EZQEE,yes
2452-KDRRH,yes
2004-OCQXK,no
5027-QPKTE,no
4146-SVFUD,no
1564-HJUVY,no
3617-XLSGQ,yes
7517-LDMPS,no
7244-KXYZN,no
5226-NOZFC,no
2672-HUYVI,no
1400-WIVLL,yes
7508-MYBOG,yes
8148-NLEGT,yes
0148-DCDOS,yes
8347-GDTMP,no
9992-RRAMN,yes
6746-WAUWT,no
0310-MVLET,yes
0428-IKYCP,no
4550-VBOFE,yes
2187-PKZAY,no
4003-OCTMP,no
6652-YFFJO,no
7225-IILWY,yes
5248-RPYWW,yes
7923-IYJWY,yes
3170-GWYKC,no
5696-QURRL,no
7409-KIUTL,no
1732-VHUBQ,no
0495-RVCBF,no
2668-TZSPS,no
7854-EDSSA,yes
8869-TORSS,no
7446-SFAOA,no
9522-ZSINC,no
8234-GSZYK,yes
0679-IDSTG,no
7765-LWVVH,yes
1658-TJVOA,no
2115-BFTIW,no
4692-NNQRU,no
7742-MYPGI,no
0611-DFXKO,no
7780-OTDSO,yes
9619-GSATL,no
5622-UEJFI,yes
9747-DDZOS,no
0674-DGMAQ,yes
0484-FFVBJ,no
2181-TIDSV,no
9453-PATOS,no
0564-JJHGS,yes
3348-CFRNX,no
4402-FTBXC,no
1428-GTBJJ,no
2931-XIQBR,no
0106-UGRDO,yes
5542-TBBWB,no
1930-QPBVZ,no
5322-ZSMZY,yes
8059-UDZFY,yes
7740-BTPUX,yes
5220-AGAAX,yes
0208-BPQEJ,no
9435-JMLSX,no
3352-ALMCK,yes
5312-IRCFR,yes
5294-IMHHT,yes
8802-UNOJF,no
6176-YJWAS,yes
5310-NOOVA,no
4526-EXKKN,yes
3987-KQDDU,no
3404-JNXAX,yes
5131-PONJI,no
2845-AFFTX,yes
3489-VSFRD,no
3345-JHUEO,no
5815-HGGHV,no
5260-UMPWX,no
2249-YPRNG,yes
7410-YTJIK,yes
4626-GYCZP,yes
5649-RXQTV,no
2674-MIAHT,yes
2576-HXMPA,no
7587-AOVVU,yes
5590-BYNII,yes
6898-MDLZW,no
4707-YNOQA,yes
9357-UJRUN,yes
1591-NFNLQ,yes
7663-CUXZB,yes
0258-NOKBL,no
1163-VIPRI,yes
2815-CPTUL,no
9348-ROUAI,yes
0596-BQCEQ,no
1481-ZUWZA,yes
3043-TYBNO,no
4830-FAXFM,yes
5906-BFOZT,no
2960-NKRSO,no
8996-ZROXE,no
5598-IKHQQ,yes
0397-ZXWQF,no
5266-PFRQK,no
4674-HGNUA,yes
6765-MBQNU,yes
9786-IJYDL,yes
1303-SRDOK,no
3769-MHZNV,no
6295-OSINB,yes
3308-MHOOC,no
2207-QPJED,no
2239-CFOUJ,no
6620-JDYNW,yes
1891-FZYSA,yes
4770-UEZOX,no
1038-RQOST,no
7613-LLQFO,yes
4568-TTZRT,no
9513-DXHDA,no
2640-PMGFL,yes
3801-HMYNL,no
0516-QREYC,no
9685-WKZGT,yes
6022-UGGSO,no
8084-OIVBS,no
8896-BQTTI,yes
3865-QBWSJ,yes
3352-RICWQ,no
2160-GPFXD,yes
2065-MMKGR,yes
5857-TYBCJ,yes
1498-NHTLT,no
4484-CGXFK,no
1402-PTHGN,no
4176-RELJR,yes
6214-EDAKZ,no
6377-KSLXC,no
1796-JANOW,no
0238-WHBIQ,yes
8735-NBLWT,no
6651-RLGGM,yes
6127-ISGTU,yes
1614-JBEBI,no
1208-DNHLN,yes
1761-AEZZR,no
3923-CSIHK,no
5696-EXCYS,no
5795-KTGUD,yes
7120-RFMVS,yes
7924-GJZFI,no
8512-WIWYV,no
5897-ZYEKH,yes
7317-GGVPB,yes
1406-PUQVY,no
5692-FPTAH,no
9114-AAFQH,no
8715-KKTFG,yes
1550-LOAHA,no
1728-BQDMA,no
0268-QKIWO,no
0876-WDUUZ,no
5117-ZSMHQ,yes
5151-HQRDG,yes
0960-HUWBM,yes
6465-GSRCL,yes
0617-FHSGK,yes
0263-FJTQO,yes
7319-ZNRTR,no
2858-MOFSQ,yes
7503-EPSZW,yes
8118-LSUEL,yes
1666-JXLKU,yes
7855-DIWPO,no
5133-POWUA,no
5652-MSDEY,yes
7005-CCBKV,no
1810-BOHSY,yes
1784-BXEFA,no
9224-VTYID,yes
9500-IWPXQ,yes
4504-YOULA,yes
5569-IDSEY,yes
4250-FDVOU,no
7284-ZZLOH,no
5277-ZLOOR,yes
2141-RRYGO,no
6376-GAHQE,no
3401-URHDA,yes
1599-EAHXY,yes
8631-XVRZL,no
5052-PNLOS,yes
3853-LYGAM,yes
6979-ZNSFF,yes
5751-USDBL,no
5680-LQOGP,no
2386-LAHRK,no
8189-DUKMV,no
9931-DCEZH,no
1898-JSNDC,no
0315-LVCRK,no
2410-CIYFZ,no
4248-HCETZ,no
5505-OVWQW,no
7271-AJDTL,yes
1867-TJHTS,yes
0516-WJVXC,no
9174-FKWZE,no
6860-YRJZP,yes
4429-WYGFR,no
2817-LVCPP,no
5038-ETMLM,yes
5056-FIMPT,no
4521-WFJAI,yes
6569-KTMDU,no
8809-RIHDD,yes
8809-XKHMD,yes
0396-YCHWO,yes
0867-LDTTC,no
4822-NGOCH,yes
9391-DXGGG,no
9844-FELAJ,yes
2122-SZZZD,no
5307-DZCVC,yes
3148-AOIQT,yes
8679-JOEVF,no
8395-ETZKQ,no
6692-YQHXC,no
3889-VWBID,no
5222-JCXZT,no
2739-CCZMB,no
7080-TNUWP,yes
0496-AHOOK,no
8336-TAVKX,yes
2468-SJFLM,no
7168-HDQHG,no
4803-AXVYP,yes
3884-HCSWG,no
4567-AKPIA,yes
5077-DXTCG,no
7901-HXJVA,no
5649-ANRML,no
4892-VLANZ,no
5924-IFQTT,yes
7968-QUXNS,no
2919-HBCJO,no
4236-XPXAV,no
8903-WMRNW,no
2452-SNHFZ,no
3629-WEAAM,no
7993-NQLJE,no
9909-DFRJA,no
9099-FTUHS,yes
0581-BXBUB,no
4962-CHQPW,no
9467-ROOLM,no
3030-YZADT,no
7410-KTVFV,no
5150-ITWWB,yes
1345-ZUKID,no
6429-SHBCB,yes
9281-OFDMF,yes
2603-HVKCG,no
1834-WULEG,no
9097-ZUBYC,no
5148-ORICT,no
4893-GYUJU,no
4578-PHJYZ,no
7272-QDCKA,yes
8908-SLFCJ,no
8393-DLHGA,no
9766-HGEDE,no
7395-IGJOS,no
5044-XDPYX,yes
2834-SPCJV,no
3721-WKIIL,no
6734-CKRSM,no
1265-ZFOSD,yes
6568-POCUI,no
5197-LQXXH,yes
3457-PQBYH,no
7682-AZNDK,no
0587-DMGBH,no
5384-ZTTWP,no
1231-YNDEK,no
1407-DIGZV,no
0570-BFQHT,no
4393-OBCRR,no
3523-QRQLL,no
8564-LDKFL,yes
3696-DFHHB,yes
0895-DQHEW,yes
4717-GHADL,yes
5501-TVMGM,no
5879-HMFFH,yes
6772-WFQRD,no
3810-DVDQQ,yes
6972-SNKKW,no
3694-GLTJM,no
8550-XSXUQ,yes
8149-RSOUN,yes
9055-MOJJJ,no
4359-INNWN,no
0585-EGDDA,no
0549-CYCQN,yes
3481-JHUZH,yes
7250-EQKIY,no
3594-IVHJZ,no
6869-FGJJC,no
3896-ZVNET,yes
8205-VSLRB,yes
6817-WTYHE,no
4013-UBXWQ,yes
4931-TRZWN,no
0750-EKNGL,no
7669-LCRSD,no
3567-PQTSO,yes
5519-NPHVG,yes
8043-PNYSD,no
9938-EKRGF,no
2703-AMTUL,no
8173-RXAYP,no
5402-HTOTQ,yes
6734-JDTTV,no
7850-THJMU,no
3890-RTCMS,no
8849-GYOKR,yes
3148-BLQJT,no
3717-FDJFU,no
7966-YOTQW,yes
0461-CVKMU,no
8806-EAGWC,no
8853-TZDGH,yes
7779-LGOVN,yes
4324-BZCKL,no
6924-TDGMT,no
9710-ZUSHQ,yes
1536-YHDOE,yes
8123-QBNAZ,yes
3629-ZNKXA,no
4827-LTQRJ,yes
7711-YIJWC,no
5482-VXSXJ,no
9620-ENEJV,no
4183-WCSEP,no
2378-YIZKA,no
5498-TXHLF,yes
0689-DSXGL,no
6818-DJXAA,no
9722-UJOJR,no
0464-WJTKO,no
8902-ZEOVF,no
6778-EICRF,yes
2662-NNTDK,yes
4132-KALRO,yes
3902-FOIGH,yes
6772-KSATR,yes
7112-OPOTK,no
2874-YXVVA,no
1245-HARPS,no
4210-QFJMF,no
4323-ELYYB,no
4293-ETKAP,yes
6064-PUPMC,no
6504-VBLFL,no
6322-PJJDJ,no
0330-BGYZE,yes
1085-LDWAM,no
7586-ZATGZ,yes
7197-VOJMM,no
3318-OSATS,yes
5828-AVIPD,yes
1843-TLSGD,no
9626-VFRGG,yes
9143-CANJF,no
2041-JIJCI,yes
1086-LXKFY,no
4900-MSOMT,yes
2229-VWQJH,no
9194-GFVOI,yes
1336-EZFZY,no
4282-MSACW,yes
1403-LKLIK,no
2636-ALXXZ,no
7774-OJSXI,yes
7786-WBJYI,yes
0136-IFMYD,yes
5144-TVGLP,yes
9643-AVVWI,no
0253-ZTEOB,yes
2706-QZIHY,yes
6061-PQHMK,no
9885-CSMWE,no
9122-UMROB,no
4232-JGKIY,no
2402-TAIRZ,no
9659-ZTWSM,yes
6685-GBWJZ,no
3866-MDTUB,no
2195-VVRJF,no
3913-RDSJZ,yes
8058-JMEQO,yes
4203-QGNZA,no
5043-TRZWM,no
0697-ZMSWS,yes
7657-DYEPJ,no
9494-BDNNC,yes
1640-PLFMP,no
5366-OBVMR,no
8276-MQBYC,yes
7644-OMVMY,no
7593-XFKDI,no
4573-JKNAE,no
0337-CNPZE,yes
9817-APLHW,yes
8380-MQINP,no
0840-DFEZH,yes
1513-XNPPH,no
8690-ZVLCL,yes
6015-VVHHE,yes
1125-SNVCK,no
4616-EWBNJ,no
6347-DCUIK,yes
1335-HQMKX,yes
2545-EBUPK,yes
6923-AQONU,no
2172-EJXVF,yes
0897-FEGMU,yes
7663-RGWBC,no
1120-BMWUB,no
9124-LHCJQ,yes
4536-PLEQY,no
8871-JLMHM,yes
2235-ZGKPT,yes
3891-PUQOD,no
5447-VYTKW,no
3623-FQBOX,no
0689-NKYLF,no
8659-HDIYE,yes
3658-KIBGF,no
5519-YLDGW,yes
3865-ZFZIB,no
1855-AGAWH,no
7109-CQYUZ,yes
1370-GGAWX,yes
4680-KUTAJ,yes
4946-EDSEW,no
2883-ILGWO,yes
2516-VQRRV,yes
7580-UGXNC,no
3642-BYHDO,no
9629-NHXFW,no
2696-RZVZW,yes
5766-FTRTS,no
0396-HUJBP,no
5178-LMXOP,yes
8879-ZKJOF,no
6285-FTQBF,yes
8185-UPYBR,yes
4585-HETAI,no
7526-BEZQB,yes
1474-JUWSM,yes
3530-CRZSB,no
8498-XXGWA,no
9617-INGJY,no
0621-TSSMU,no
7234-KMNRQ,no
7636-PEPNS,no
4683-WYDOU,yes
9052-DHNKM,yes
6794-HKIAJ,yes
5578-NKCXI,no
1642-HMARX,yes
3096-WPXBT,yes
8434-PNQZX,yes
5950-AAAGJ,yes
4299-OPXEJ,no
4951-UKAAQ,yes
9618-LFJRU,no
6693-DJWTY,no
0744-GKNGE,yes
6447-EGDIV,no
1167-OYZJF,no
2108-YKQTY,no
4806-DXQCE,yes
4918-QLLIW,no
7056-IMHCC,yes
4854-SSLTN,no
5294-DMSFH,no
1625-JAIIY,yes
0603-OLQDC,no
3272-VUHPV,no
4176-FXYBO,yes
1063-DHQJF,no
8663-UPDGF,yes
6719-FGEDO,yes
2947-DOMLJ,no
4112-LUEIZ,no
0369-ZGOVK,no
4510-HIMLV,no
9919-KNPOO,yes
8749-JMNKX,yes
7872-BAAZR,no
9391-LMANN,no
2430-USGXP,yes
8174-TBVCF,yes
1698-XFZCI,yes
1877-HKBQX,no
4450-DLLMH,no
0428-AXXLJ,no
2746-DIJLO,yes
5955-ERIHD,yes
0917-EZOLA,yes
3508-VLHCZ,yes
4086-ATNFV,no
0468-YRPXN,no
5996-NRVXR,no
7047-FWEYA,yes
2000-MPKCA,yes
9762-YAQAA,yes
5949-EBSQK,no
5473-KHBPS,yes
0100-DUVFC,yes
5397-TUPSH,no
8950-MTZNV,no
0326-VDYXE,yes
7274-RTAPZ,no
0436-TWFFZ,yes
8566-YPRGL,no
0311-UNPFF,no
6609-MXJHJ,yes
2669-OIDSD,no
8400-WZICQ,no
3834-XUIFC,yes
9576-SYUHJ,yes
0410-IPFTY,no
2831-EBWRN,no
9430-NKQLY,yes
8414-MYSHR,no
0247-SLUJI,no
9402-ORRAH,no
6483-OATDN,no
1293-HHSHJ,no
4840-ORQXB,yes
7599-FKVXZ,yes
3982-DQLUS,yes
8610-ZIKJJ,no
3756-VNWDH,yes
7801-KICAO,yes
7673-LPRNY,yes
8229-TNIQA,no
6060-QBMGV,no
7339-POGZN,yes
2828-SLQPF,no
4465-VDKIQ,no
2921-XWDJH,no
6221-AVQYL,yes
2558-BUOZZ,yes
9257-AZMTZ,no
0003-MKNFE,yes
0975-UYDTX,yes
7743-EXURX,no
4682-BLBUC,no
5968-VXZLG,no
5569-KGJHX,yes
4988-IQIGL,yes
5201-FRKKS,no
9799-CAYJJ,no
7730-IUTDZ,no
0426-TIRNE,no
5443-SCMKX,yes
8295-KMENE,yes
9821-BESNZ,yes
3678-MNGZX,no
2916-BQZLN,yes
4558-CGYCZ,no
2368-GAKKQ,yes
8710-YGLWG,no
3199-XGZCY,yes
3785-KTYSH,yes
6814-ZPWFQ,yes
4063-EIKNQ,no
6993-YCOBK,yes
5206-HPJKM,no
7587-RZNME,no
0748-RDGGM,no
8393-JMVMB,no
5019-GQVCR,yes
6036-TTFYU,no
2550-AEVRU,no
0969-RGKCU,no
0378-CJKPV,yes
4706-AXVKM,yes
5889-JTMUL,yes
9026-RNUJS,no
3746-EUBYR,yes
2332-EFBJY,no
2880-FPNAE,no
1703-MGIAB,yes
4311-QTTAI,no
9474-PHLYD,no
4318-RAJVY,no
2165-VOEGB,no
3612-YUNGG,yes
2254-DLXRI,yes
5062-CJJKH,no
9028-LIHRP,no
2219-MVUSO,no
1053-MXTTK,no
0853-TWRVK,yes
8914-RBTSB,yes
6212-ATMLK,yes
8200-LGKSR,yes
1568-BEKZM,yes
0670-ANMUU,yes
6897-RWMUB,no
0963-ZBDRN,no
7594-RQHXR,no
6999-CHVCF,yes
6134-KWTBV,yes
1077-HUUJM,no
6331-EWIEB,yes
0895-LNKRC,no
8417-GSODA,yes
5171-EPLKN,no
4452-QIIEB,no
5998-VVEJY,yes
1624-NALOJ,yes
6741-EGCBI,yes
7820-ZYGNY,yes
4317-VTEOA,no
9677-AVKED,yes
1670-SVOWZ,no
2227-JRSJX,no
9847-HNVGP,no
6696-YDAYZ,no
8980-WQFWL,no
1730-ZMAME,no
6506-EYCNH,no
4634-JLRJT,no
2560-QTSBS,yes
7541-YLXCL,no
4795-WRNVT,no
6080-TCMYC,yes
0260-ZDLGK,no
7860-UXCRM,no
6357-JJPQT,no
9552-TGUZV,no
5913-INRQV,no
6210-KBBPI,yes
9643-YBLUR,yes
8734-FNWVH,yes
9447-YPTBX,no
0133-BMFZO,no
6128-CZOMY,no
9540-JYROE,no
2260-USTRB,no
3656-TKRVZ,no
7011-CVEUC,no
6185-TASNN,no
7925-PNRGI,yes
8623-TMRBY,yes
1552-CZCLL,no
3038-PQIUY,yes
1501-SGHBW,no
9313-CDOGY,no
8148-BPLZQ,no
2623-DRYAM,yes
9987-LUTYD,no
3208-YPIOE,yes
4488-KQFDT,yes
2612-RANWT,yes
5693-PIPCS,no
0491-KAPQG,yes
6900-PXRMS,yes
8707-RMEZH,no
3209-ZPKFI,yes
6479-VDGRK,no
3569-JFODW,yes
9819-FBNSV,no
9544-PYPSJ,yes
1591-XWLGB,no
0396-UKGAI,no
3243-ZHOHY,no
5186-EJEGL,no
7527-QNRUS,yes
9986-BONCE,no
2722-JMONI,no
2203-GHNWN,yes
3878-AVSOQ,no
3258-SYSWS,yes
5296-PSYVW,yes
6319-QSUSR,no
4083-EUGRJ,no
7579-OOPEC,no
0512-FLFDW,yes
1771-OADNZ,yes
0487-CRLZF,no
2107-FBPTK,yes
9451-WLYRI,no
8219-VYBVI,yes
1991-VOPLL,no
9738-QLWTP,no
1016-DJTSV,no
9419-IPPBE,yes
0174-QRVVY,yes
5699-BNCAS,yes
2900-PHPLN,no
8751-EDEKA,no
6878-GGDWG,no
4039-PIMHX,no
8450-LUGUK,yes
3604-WLABM,no
0795-GMVQO,yes
1142-IHLOO,no
6410-LEFEN,no
4633-MKHYU,no
6257-RJOHI,no
1545-JFUML,yes
3194-ORPIK,yes
7826-VVKWT,no
1353-GHZOS,no
2587-EKXTS,yes
5442-BXVND,yes
8816-VXNZD,yes
9378-FXTIZ,yes
1723-HKXJQ,yes
7825-GKXMW,no
9753-OYLBX,no
2364-UFROM,no
6473-ULUHT,yes
1240-KNSEZ,no
4433-JCGCG,yes
3716-BDVDB,no
7688-AWMDX,no
2842-BCQGE,yes
5899-MQZZL,yes
6849-OYAMU,no
5312-UXESG,yes
9488-HGMJH,no
2150-WLKUW,yes
7159-FVYPK,yes
7032-LMBHI,yes
1150-WFARN,yes
6088-BXMRG,yes
3144-AUDBS,no
4821-SJHJV,yes
7346-MEDWM,yes
1137-DGOWI,no
5616-PRTNT,no
3812-LRZIR,yes
4818-QIUFN,yes
9483-GCPWE,no
4227-OJHAL,yes
9220-CXRSC,yes
4993-JCRGJ,yes
9537-JALFH,no
6698-OXETB,no
2103-ZRXFN,yes
3724-BSCVH,no
4877-TSOFF,yes
9209-NWPGU,no
6961-VCPMC,no
7306-YDSOI,no
5288-AHOUP,no
6688-UZPWD,yes
0655-YDGFJ,no
8468-EHYJA,yes
6823-SIDFQ,no
1097-FSPVW,no
2839-RFSQE,no
7010-ZMVBF,no
5201-CBWYG,yes
0968-GSIKN,no
1965-DDBWU,yes
9057-SIHCH,yes
6352-GIGGQ,yes
3635-QQRQD,no
6771-XWBDM,yes
2897-DOVND,no
3082-YVEKW,yes
7134-HBPBS,yes
3489-HHPFY,yes
2926-JEJJC,no
8601-QACRS,yes
5789-LDFXO,yes
0508-OOLTO,no
2984-TBYKU,yes
9822-WMWVG,yes
2391-SOORI,no
9040-KZVWO,no
2645-QTLMB,no
4806-HIPDW,no
1548-ARAGG,yes
6339-RZCBJ,no
4424-TKOPW,yes
4415-WNGVR,no
2522-AHJXR,yes
0412-UCCNP,no
7096-UCLNH,no
8443-ZRDBZ,yes
4615-PIVVU,no
8885-QSQBX,no
7479-NITWS,yes
8617-ENBDS,no
9385-NXKDA,yes
0430-IHCDJ,yes
2959-MJHIC,no
6674-KVJHG,yes
1814-DKOLC,yes
4201-JMNGR,no
9351-HXDMR,yes
3537-HPKQT,yes
2129-ALKBS,yes
5821-MMEIL,no
5960-WPXQM,no
0684-AOSIH,no
1309-XGFSN,yes
1866-RZZQS,yes
6968-URWQU,no
4742-TXUEX,no
9631-XEYKE,yes
8631-NBHFZ,yes
1335-MXCSE,no
8873-TMKGR,no
8800-JOOCF,yes
1469-LBJQJ,yes
4958-XCBDQ,yes
8337-UPOAQ,yes
0064-YIJGF,yes
2386-OWURY,no
1725-IQNIY,no
0310-VQXAM,no
6598-RFFVI,no
3453-RTHJQ,no
6712-OAWRH,no
6278-FEPBZ,no
4280-DLSHD,no
1508-DFXCU,no
8614-VGMMV,yes
7868-BGSZA,yes
2800-QQUSO,yes
2930-UOTMB,yes
7973-DZRKH,yes
5914-DVBWJ,yes
7698-YFGEZ,no
2533-QVMSK,yes
9773-PEQBZ,yes
8644-XLFBW,no
0650-BWOZN,no
8625-AZYZY,yes
7785-RDVIG,no
9602-WCXPI,no
2903-YYTBW,no
3620-MWJNE,no
8573-JGCZW,no
6837-HAEVO,yes
6701-YVNQG,yes
9306-CPCBC,yes
4304-XUMGI,yes
9504-YAZWB,no
8819-ZBYNA,yes
9481-IEBZY,yes
1833-VGRUM,yes
6137-NICCO,yes
9065-ZCPQX,yes
6402-EJMWF,no
3620-EHIMZ,no
3213-VVOLG,yes
6870-ECSHE,no
8747-UDCOI,no
8374-XGEJJ,yes
2656-TABEH,yes
6946-LMSQS,yes
4626-OZDTJ,yes
9169-BSVIN,yes
2325-ZUSFD,no
8194-PEEBY,no
6872-HXFNF,yes
3932-CMDTD,no
7714-YXSMB,yes
8387-UGUSU,no
1080-BWSYE,yes
4039-HEUNW,yes
1194-HVAIF,yes
0812-WUPTB,no
3594-UVONA,yes
0004-TLHLJ,no
1767-TGTKO,no
8439-LTUGF,no
8805-JNRAZ,no
5089-IFSDP,yes
6418-HNFED,no
0206-OYVOC,no
7291-CDTMJ,no
7128-GGCNO,yes
0237-YFUTL,yes
7691-KGKGP,no
6710-HSJRD,yes
3675-EQOZA,no
0840-DCNZE,no
1732-FEKLD,yes
0479-HMSWA,no
5854-KSRBJ,yes
0365-BZUWY,yes
4817-VYYWS,yes
5701-SVCWR,yes
3129-AAQOU,yes
4922-CVPDX,no
1396-QWFBJ,no
1357-BIJKI,yes
5299-SJCZT,yes
2018-PZKMU,no
4570-QHXHL,no
2403-BCASL,yes
7392-YYPYJ,yes
2223-GDSHL,yes
7359-PTSXY,no
9470-RTWDV,yes
2176-OSJUV,yes
9348-YVOMK,no
8104-OSKWT,yes
4521-YEEHE,yes
4090-KPJIP,yes
3786-WOVKF,yes
4503-BDXBD,no
6086-ESGRL,no
2592-HODOV,no
3886-CERTZ,yes
7995-ZHHNZ,yes
3824-RHKVR,no
5816-SCGFC,no
5989-AXPUC,yes
4979-HPRFL,yes
8590-OHDIW,no
8015-IHCGW,yes
2332-TODQS,yes
9278-VZKCD,yes
8008-OTEZX,no
2773-OVBPK,yes
5206-XZZQI,no
4803-LBYPN,no
6372-RFVNS,no
2139-FQHLM,no
8261-GWDBQ,yes
1093-YSWCA,no
8938-UMKPI,yes
0991-BRRFB,no
3882-IYOIJ,yes
8749-TZYEC,yes
1755-FZQEC,no
3115-JPJDD,no
5600-KTXFM,no
3871-IKPYH,no
6319-IEJWJ,no
9025-AOMKI,yes
6339-TBELP,yes
7964-YESJC,yes
6173-GOLSU,yes
5275-SQEIZ,no
7716-YTYHG,yes
9938-ZREHM,yes
4390-KYULV,no
4647-MUZON,no
9702-AIUJO,no
8849-PRIQJ,yes
8851-RAGOV,no
1304-NECVQ,yes
5396-IZEPB,no
8285-ABVLB,no
0701-TJSEF,no
5712-VBOXD,no
6629-LADHQ,no
8945-GRKHX,no
4797-MIWUM,no
6959-UWKHF,no
8720-RQSBJ,no
4537-CIBHB,no
4324-AHJKS,no
4355-CVPVS,no
4495-LHSSK,yes
5655-JSMZM,yes
5915-ANOEI,yes
9861-PDSZP,yes
4505-EXZHB,no
7225-CBZPL,yes
4587-VVTOX,yes
2019-HDCZY,yes
4652-NNHNY,yes
8788-DOXSU,no
7404-JLKQG,no
8972-HJWNV,yes
3274-NSDWE,no
2632-IVXVF,yes
3692-JHONH,yes
8915-NNTRC,yes
5914-GXMDA,no
7463-IFMQU,no
2920-RNCEZ,no
2541-YGPKE,no
8515-OCTJS,yes
5382-TEMLV,no
9592-ERDKV,yes
2860-RANUS,yes
4778-IZARL,no
0432-CAJZV,no
7008-LZVOZ,yes
8868-WOZGU,yes
1200-TUZHR,yes
9365-CSLBQ,yes
5884-FBCTL,yes
7130-CTCUS,no
6242-FEGFD,yes
7625-XCQRH,yes
6194-HBGQN,yes
6986-IXNDM,no
1731-TVIUK,yes
2987-BJXIK,yes
9769-TSBZE,yes
0406-BPDVR,yes
0618-XWMSS,no
1395-WSWXR,no
6023-GSSXW,no
6752-APNJL,no
5276-KQWHG,no
0420-HLGXF,yes
7446-KQISO,yes
9823-EALYC,yes
0582-AVCLN,no
5803-NQJZO,yes
2565-JSLRY,yes
2607-DHDAK,no
1073-XXCZD,yes
4006-HKYHO,no
3727-JEZTU,no
8143-ETQTI,no
6689-KXGBO,no
9667-TKTVZ,yes
3657-COGMW,yes
8570-KLJYJ,yes
7754-IXRMC,no
9473-CBZOP,yes
2969-WGHQO,no
6615-NGGZJ,yes
4255-DDUOU,no
5863-OOKCL,no
1686-STUHN,no
2984-MIIZL,no
0266-GMEAO,yes
5574-NXZIU,no
4256-ZWTZI,no
8309-PPCED,yes
4098-NAUKP,yes
5196-WPYOW,no
4608-LCIMN,no
1485-YDHMM,yes
4054-CUMIA,no
0603-TPMIB,yes
2525-GVKQU,no
8161-QYMTT,yes
5404-GGUKR,no
2126-GSEGL,yes
3677-TNKIO,no
0440-QEXBZ,yes
2434-EEVDB,yes
6199-IWKGC,yes
2675-DHUTR,yes
8152-VETUR,yes
7446-YPODE,yes
7980-MHFLQ,yes
2873-ZLIWT,yes
3415-TAILE,no
0757-WCUUZ,yes
1629-DQQVB,no
1915-IOFGU,no
3045-XETSH,yes
0374-AACSZ,no
7239-HZZCX,no
4872-VXRIL,yes
9140-CZQZZ,no
3423-HHXAO,no
9938-TKDGL,no
0531-ZZJWQ,yes
2688-BHGOG,no
7683-CBDKJ,no
0946-CLJTI,yes
1325-USMEC,yes
0916-QOFDP,yes
0628-CNQRM,no
5606-AMZBO,yes
6199-IPCAO,yes
7665-TOALD,no
0112-QWPNC,yes
0324-BRPCJ,yes
2777-PHDEI,no
2235-EZAIK,yes
3847-BAERP,no
1196-AMORA,yes
4282-YMKNA,yes
1453-RZFON,no
8263-OKETD,yes
0670-KDOMA,no
2476-YGEFM,yes
8687-BAFGU,no
0641-EVBOJ,no
0829-XXPLX,no
9974-JFBHQ,no
5356-RHIPP,no
0608-JDVEC,no
9780-FKVVF,no
1919-RTPQD,no
5214-NLTIT,yes
3345-PBBFH,no
5055-BRMNE,yes
9189-JWSHV,yes
2190-PHBHR,yes
2650-GYRYL,no
5208-FVQKB,no
7184-LRUUR,no
6627-CFOSN,yes
3982-JGSFD,no
1574-DYCWE,no
7247-XOZPB,yes
2466-FCCPT,no
6211-WWLTF,no
4826-TZEVA,no
6016-NXBNJ,no
9138-EFSMO,no
0576-WNXXC,yes
4632-XJMEX,no
8910-LEDAG,no
3452-GWUIN,yes
2716-GFZOR,no
3724-UCSHY,no
8626-XHBIE,yes
3192-LNKRK,no
2876-VBBBL,no
2208-UGTGR,yes
3005-TYFRD,yes
8670-MEFCP,yes
3079-BCHLN,no
7777-UNYHB,no
5597-GLBUC,no
7278-CKDNC,yes
2748-MYRVK,yes
2969-VAPYH,no
4822-YCXMX,yes
7181-OQCUT,yes
8474-UMLNT,no
9821-POOTN,yes
3836-FZSDJ,yes
9142-XMYJH,no
0187-QSXOE,no
2649-HWLYB,yes
5214-CHIWJ,no
4229-CZMLL,yes
6904-JLBGY,yes
2465-BLLEU,no
1685-VAYJF,no
8874-EJNSR,yes
6917-YACBP,yes
5049-MUBWG,no
4223-WOZCM,no
9253-VIFJQ,yes
7030-FZTFM,yes
9741-YLNTD,yes
5917-RYRMG,no
5120-ZBLAI,yes
3663-MITLP,no
0906-QVPMS,yes
9025-ZRPVR,no
1905-OEILC,no
7858-GTZSP,yes
6248-BSHKG,no
4685-TFLLS,no
3470-BTGQO,no
8224-DWCKX,yes
4553-DVPZG,yes
4902-OHLSK,yes
0495-ZBNGW,yes
8620-RJPZN,no
7572-KPVKK,yes
2642-MAWLJ,no
2357-COQEK,yes
7103-ZGVNT,yes
3737-GCSPV,yes
2027-WKXMW,yes
7137-NAXML,no
2428-ZMCTB,no
2961-VNFKL,yes
1768-HNVGJ,yes
6963-KQYQB,yes
5934-RMPOV,yes
1207-BLKSA,yes
4088-YLDSU,yes
1166-PQLGG,no
3146-JTQHR,no
4291-YZODP,no
4395-PZMSN,no
6427-FEFIG,yes
0017-IUDMW,yes
4385-ZKVNW,no
5446-DKWYW,yes
2034-CGRHZ,yes
5797-APWZC,no
3683-QKIUE,no
4228-ZGYUW,yes
9031-ZVQPT,yes
2990-IAJSV,yes
8107-KNCIM,yes
9027-YFHQJ,yes
5176-LDKUH,no
4644-OBGFZ,no
7926-IJOOU,no
6480-YAGIY,no
4029-HPFVY,no
7602-DBTOU,no
5345-BMKWB,no
3519-ZKXGG,yes
5457-COLHT,no
6416-TVAIH,no
5451-YHYPW,yes
5108-ADXWO,no
7998-WNZEM,yes
3066-RRJIO,no
0307-BCOPK,no
7629-WFGLW,yes
2542-HYGIQ,no
6715-OFDBP,no
5016-LIPDW,no
1567-DSCIC,yes
2150-UWTFY,no
6124-ACRHJ,no
9362-MWODR,no
9975-GPKZU,no
9625-RZFUK,no
5153-LXKDT,yes
5161-UBZXI,no
1020-JPQOW,yes
7919-ZODZZ,no
0565-JUPYD,yes
5939-XAIXZ,yes
9054-FOWNV,yes
2683-BPJSO,yes
2157-MXBJS,yes
8207-VVMYB,yes
9732-EQMWY,no
9360-AHGNL,yes
1087-UDSIH,no
5269-NRGDP,no
6195-MELTI,no
5485-WUYWF,no
2121-JAFOM,yes
8818-DOPVL,yes
2632-UCGVD,yes
5445-PZWGX,yes
1227-UDMZR,yes
5198-HQAEN,no
9170-CCKOU,yes
2167-FQSTQ,yes
2819-GWENI,no
1043-YCUTE,yes
3814-MLAXC,yes
3572-UUHRS,no
2692-PFYTJ,yes
1226-UDFZR,no
5955-EPOAZ,no
6821-JPCDC,no
8815-LMFLX,yes
9135-HSWOC,no
5811-IWXYM,yes
7044-YAACC,no
8189-XRIKE,no
1506-YJTYT,yes
4123-DVHPH,yes
6425-YQLLO,yes
5442-UTCVD,yes
2228-BZDEE,no
2789-CZANW,yes
2091-RFFBA,yes
2114-MGINA,no
7596-LDUXP,no
3740-RLMVT,no
4489-SNOJF,yes
2192-OZITF,yes
5651-CPDND,no
2186-QZEYA,yes
1131-ALZWV,yes
7729-XBTWX,no
9134-WYRVP,no
3284-SVCRO,yes
9732-OUYRN,no
0559-CKHUS,no
2931-SVLTV,yes
6899-PPEEA,yes
7504-UWHNB,no
1431-AIDJQ,no
6288-LBEAR,no
4597-NUCQV,yes
9019-QVLZD,no
8413-YNHNV,yes
5808-TOTXO,no
4369-NYSCF,no
6333-YDVLT,yes
5324-KTGCG,no
5599-HVLTW,yes
7394-LWLYN,no
3707-LRWZD,yes
6873-UDNLD,no
2700-LUEVA,no
1455-ESIQH,no
0958-YHXGP,no
1101-SSWAG,yes
2979-SXESE,yes
4013-TLDHQ,no
5743-KHMNA,yes
4194-FJARJ,yes
5325-UWTWJ,yes
3969-GYXEL,no
9208-OLGAQ,no
3244-CQPHU,yes
2674-MLXMN,yes
6992-TKNYO,yes
4468-YDOVK,no
3754-DXMRT,no
5792-JALQC,yes
7130-VTEWQ,yes
2200-DSAAL,yes
4302-ZYFEL,no
9351-LZYGF,yes
4366-CTOUZ,no
6121-VZNQB,no
7903-CMPEY,yes
1518-OMDIK,no
6671-NGWON,no
0595-ITUDF,yes
6996-KNSML,no
1955-IBMMB,no
0096-BXERS,yes
3806-YAZOV,no
7998-ZLXWN,no
6253-WRFHY,no
9133-AYJZG,yes
2675-OTVVJ,yes
8680-CGLTP,no
8430-TWCBX,no
5018-GWURO,yes
6741-QRLUP,yes
4737-HOBAX,yes
0537-QYZZN,yes
3340-QBBFM,no
1704-NRWYE,no
8200-KLNYW,no
3372-CDXFJ,yes
4781-ZXYGU,no
7632-YUTXB,no
2718-YSKCS,no
9896-UYMIE,yes
0853-NWIFK,no
8212-CRQXP,no
6980-CDGFC,no
7691-XVTZH,yes
2520-SGTTA,no
7481-ATQQS,yes
2277-VWCNI,yes
1088-CNNKB,yes
8642-GVWRF,no
1930-BZLHI,no
3400-ESFUW,no
5868-YTYKS,no
3525-DVKFN,no
1482-OXZSY,yes
0377-JBKKT,no
5778-BVOFB,no
3373-YZZYM,no
2057-ZBLPD,yes
0228-MAUWC,yes
5502-RLUYV,yes
7663-YJHSN,yes
4915-BFSXL,yes
3086-RUCRN,yes
7576-JMYWV,yes
0257-KXZGU,yes
1307-ATKGB,no
8417-FMLZI,no
3714-XPXBW,yes
1850-AKQEP,no
2824-DXNKN,yes
0848-ZGQIJ,no
8042-RNLKO,yes
1792-UXAFY,no
5372-FBKBN,no
0420-TXVSG,yes
6217-TOWGS,yes
0515-YPMCW,no
0378-XSZPU,no
1045-LTCYT,no
1544-JJMYL,no
4636-JGAAI,yes
6874-SGLHU,no
5951-AOFIH,no
3059-NGMXB,yes
8652-YHIYU,yes
5278-PNYOX,no
5449-FIBXJ,yes
3486-HOOGQ,yes
5061-PBXFW,no
8630-FJLIB,no
4749-OJKQU,yes
0577-WHMEV,yes
5453-AXEPF,yes
3639-XJHKQ,no
3716-LRGXK,yes
2263-SFSQZ,yes
9950-MTGYX,no
3397-AVTKU,no
4825-FUREZ,no
9837-BMCLM,no
2672-OJQZP,no
0137-UDEUO,no
3134-DSHVC,yes
6161-UUUTA,no
7821-DPRQE,yes
6543-XRMYR,yes
2001-EWBQU,yes
4925-LMHOK,yes
1608-GMEWB,yes
6695-AMZUF,no
1455-UGQVH,yes
8410-BGQXN,no
8280-MQRQN,no
1619-YWUBB,yes
7611-YKYTC,no
2037-SGXHH,yes
3178-FESZO,yes
0365-GXEZS,no
0082-OQIQY,no
6087-MVHJH,yes
4603-JANFB,no
3018-TFTSU,no
4806-KEXQR,no
0667-NSRGI,yes
7083-YNSKY,yes
6893-ODYYE,no
8242-JSVBO,no
2479-BRAMR,yes
9541-ZPSEA,no
2665-NPTGL,yes
4693-VWVBO,no
7434-SHXLS,no
6937-GCDGQ,no
0988-JRWWP,no
5075-JSDKI,yes
7908-QCBCA,no
6711-FLDFB,yes
3873-WOSBC,yes
7465-ZZRVX,no
7975-JMZNT,yes
7251-XFOIL,yes
4116-IQRFR,yes
3714-JTVOV,no
8259-DZLIZ,yes
0442-ZXKVS,yes
7853-WNZSY,no
3120-FAZKD,yes
8606-OEGQZ,yes
0225-ZORZP,no
4702-IOQDC,no
9489-JMTTN,yes
0575-CUQOV,no
0967-BMLBD,no
6178-KFNHS,yes
2830-LEWOA,no
5006-MXVRN,no
1264-BYWMS,yes
9658-WYUFB,yes
8327-WKMIE,no
6917-FIJHC,yes
5329-KRDTM,yes
7797-EJMDP,no
3530-VWVGU,no
2013-SGDXK,no
6368-NWMCE,yes
3633-CDBUW,no
0707-HOVVN,yes
8580-QVLOC,yes
3956-MGXOG,no
9274-UARKJ,no
4077-HWUYD,yes
2012-NWRPA,yes
8808-ELEHO,yes
0103-CSITQ,yes
3506-LCJDC,no
7305-ZWMAJ,no
9518-XXBXE,no
3934-HXCFZ,yes
6578-KRMAW,no
4860-IJUDE,no
7666-WKRON,no
9688-YGXVR,no
0423-UDIJQ,no
1945-XISKS,no
4910-AQFFX,yes
2154-KVJFF,yes
5360-LJCNJ,yes
2607-FBDFF,no
9647-ERGBE,yes
3428-XZMAZ,no
0378-TOVMS,no
4355-HBJHH,yes
6728-WYQBC,no
9058-CBREO,yes
9029-FEGVJ,yes
7216-KAOID,no
0318-QUUOB,no
6145-NNPNO,no
5520-FVEWJ,yes
5339-TJFEK,yes
5572-ZDXHY,no
2074-GUHPQ,yes
4625-XMOYM,yes
5827-MWCZK,yes
1385-TQOZW,no
5914-XRFQB,yes
4329-YPDDQ,no
4804-NCPET,no
3750-CKVKH,no
8063-GBATB,yes
7787-BNTZM,no
2252-ISRNH,yes
9415-TPKRV,yes
5322-TEUJK,yes
4547-KQRTM,yes
4877-EVATK,no
8375-KVTHK,no
2697-NQBPF,yes
3709-OIJEA,no
7639-SUPCW,no
1386-ZIKUV,no
0599-XNYDO,no
6377-WHAOX,yes
6855-VLGOS,no
8999-XXGNS,yes
8746-OQQRW,yes
3181-MIZBN,no
0471-ARVMX,yes
7766-CLTIC,no
5650-YLIBA,yes
0825-CPPQH,no
9084-OAYKL,no
6122-LJADA,yes
2400-XIWIO,yes
7524-VRLPL,yes
1069-XAIEM,yes
7569-NMZYQ,yes
5201-USSQZ,no
2105-PHWON,yes
1494-EJZDW,no
4884-TVUQF,yes
8003-EWNDZ,no
1897-RCFUM,yes
9256-JTBNZ,no
4658-HCOHW,no
2211-RMNHO,yes
2432-TFSMK,yes
3440-JPSCL,no
4929-ROART,yes
1834-ABKHQ,no
1741-WTPON,yes
3932-IJWDZ,yes
1240-HCBOH,yes
8065-BVEPF,no
3796-ENZGF,yes
1734-ZMNTZ,yes
2853-CWQFQ,no
0813-TAXXS,yes
2519-TWKFS,yes
2889-FPWRM,yes
0626-QXNGV,yes
6987-XQSJT,yes
4732-RRJZC,no
9499-XPZXM,yes
4338-EYCER,no
3007-FDPEA,no
6350-XFYGW,no
4290-BSXUX,yes
8513-OLYGY,yes
0311-QYWSS,no
8705-DWKTI,no
8755-IWJHN,yes
0325-XBFAC,no
4480-QQRHC,no
0929-PECLO,yes
3680-CTHUH,yes
1202-KKGFU,no
6112-KTHFQ,no
1852-XEMDW,yes
2462-XIIJB,yes
4760-XOHVN,no
1820-DJFPH,yes
9426-SXNHE,no
9068-FHQHD,no
1269-FOYWN,no
9470-YFUYI,no
7817-BOQPW,yes
7402-EYFXX,yes
1853-UDXBW,no
5458-CQJTA,no
1230-QAJDW,yes
5701-ZIKJE,no
5219-YIPTK,yes
5032-MIYKT,no
7396-VJUZB,no
9717-QEBGU,no
5172-RKOCB,yes
6509-TSGWN,yes
3540-RZJYU,no
3178-CIFOT,no
4530-NDRKU,no
5985-TBABQ,yes
9800-ONTFE,yes
8455-HIRAQ,no
6616-AALSR,yes
0883-EIBTI,no
9415-ZNBSX,yes
4018-KJYUY,no
0722-TROQR,yes
7571-YXDAD,yes
8780-RSYYU,no
5537-UXXVS,no
1791-PQHBB,no
8701-DGLVH,no
3393-FMZPV,yes
8082-GHXOP,no
6402-ZFPPI,yes
0980-FEXWF,no
7486-KSRVI,yes
3011-WQKSZ,no
8443-WVPSS,no
3006-XIMLN,yes
8218-FFJDS,yes
1986-PHGZF,yes
9965-YOKZB,yes
0504-HHAPI,yes
9360-OMDZZ,yes
6305-YLBMM,no
0345-XMMUG,yes
8024-XNAFQ,yes
3647-GMGDH,no
2988-GBIVW,yes
2832-SCUCO,no
7036-ZZKBD,no
3791-LGQCY,yes
0265-PSUAE,no
0463-TXOAK,yes
0594-UFTUL,no
9509-MPYOD,no
9128-CPXKI,no
0129-KPTWJ,no
8166-ZZTFS,yes
5855-EIBDE,yes
5365-LLFYV,no
5956-YHHRX,yes
2956-GGUCQ,yes
1928-BXYIV,yes
5760-FXFVO,no
6595-COKXZ,no
0961-ZWLVI,yes
5181-OABFK,no
4007-NHVHI,yes
5871-DGTXZ,no
7550-WIQVA,yes
7544-ZVIKX,yes
0016-QLJIS,yes
7508-DQAKK,yes
5176-OLSKT,yes
9356-AXGMP,yes
3556-BVQGL,no
0362-ZBZWJ,yes
8979-CAMGB,yes
4211-MMAZN,no
7581-EBBOU,no
4274-OWWYO,no
5073-RZGBK,yes
1541-ETJZO,yes
3154-HMWUU,no
7813-ZGGAW,yes
8748-HFWBO,no
1052-QJIBV,no
1319-YLZJG,no
4106-HADHQ,no
0723-FDLAY,yes
3050-RLLXC,yes
9298-WGMRW,yes
2369-UAPKZ,yes
3088-LHEFH,yes
6583-KQJLK,no
8544-JNBOX,no
6681-ZSEXG,yes
6139-ZZRBQ,no
6116-RFVHN,yes
0637-KVDLV,yes
8884-FEEWR,no
3125-RAHBV,no
6633-MPWBS,no
8785-EPNCG,yes
1682-VCOIO,no
5729-KLZAR,no
2072-ZVJJX,yes
8849-AYPTR,no
9518-IMLHK,no
1582-RAFML,yes
3646-ITDGM,no
8740-CRYFY,no
3569-VLDHH,no
8224-KDLKN,yes
7594-LZNWR,no
4001-TSBTV,no
2962-XPMCQ,no
1043-UXOVO,yes
1064-FBXNK,no
3996-ZNWYK,no
2878-DHMIN,no
7762-ONLJY,no
1678-FYZOW,no
5795-BKOYE,no
7402-PWYJJ,yes
5480-TBGPH,no
0018-NYROU,no
7501-VTYLJ,no
7608-RGIRO,yes
0480-BIXDE,no
5895-QSXOD,no
9814-AOUDH,no
6175-IRFIT,no
8760-ZRHKE,yes
1622-HSHSF,no
8854-CCVSQ,yes
6749-UTDVX,yes
5542-DHSXL,no
9102-OXKFY,yes
0511-JTEOY,no
5216-WASFJ,yes
7808-DVWEP,no
7067-KSAZT,yes
2284-VFLKH,no
0366-NQSHS,no
6532-YLWSI,no
3807-BPOMJ,no
3892-NXAZG,yes
4948-WBBKL,yes
4182-BGSIQ,no
9300-AGZNL,yes
0988-AADSA,yes
9972-NKTFD,no
3717-LNXKW,yes
5734-EJKXG,yes
2207-RYYRL,yes
6729-FZWSY,no
9695-IDRZR,yes
8144-DGHXP,no
7814-LEEVE,no
1112-CUNAO,yes
5175-AOBHI,no
5174-RNGBH,no
8631-WUXGY,no
7270-BDIOA,yes
9565-JSNFM,no
5906-DVAPM,yes
6654-QGBZZ,no
8348-JLBUG,no
0607-DAAHE,no
5641-DMBFJ,yes
2664-XJZNO,no
9732-KPKBW,no
3339-EAQNV,yes
0921-OHLVP,yes
3389-YGYAI,yes
9560-ARGQJ,no
1600-DILPE,no
0536-ESJEP,no
6478-HRRCZ,no
8510-BBWMU,no
6857-TKDJV,yes
2360-RDGRO,yes
0584-BJQGZ,yes
5134-IKDAY,no
1360-XFJMR,yes
3070-DVEYC,yes
9058-MJLZC,no
5707-ORNDZ,yes
0902-XKXPN,no
5177-RVZNU,no
8993-IZEUX,no
8696-JKZNU,yes
5380-AFSSK,yes
0931-MHTEM,no
2055-PDADH,no
7515-LODFU,no
0440-UEDAI,no
0868-VJRDR,no
8714-EUHJO,yes
3950-VPYJB,no
8041-TMEID,yes
6941-KXRRV,no
3721-CNEYS,no
8727-JQFHV,no
9475-NNDGC,yes
1355-KUSBG,yes
3688-FTHLT,yes
0899-LIIBW,yes
2568-OIADY,yes
1384-RCUXW,yes
5825-XJOCM,yes
6848-YLDFR,no
8125-QPFJD,yes
2320-YKQBO,no
1193-RTSLK,no
2302-ANTDP,yes
5923-GXUOC,no
4973-RLZVI,no
7869-ZYDST,yes
4501-UYKBC,yes
1215-EXRMO,no
2305-MRGLV,no
2359-KLTEK,no
5304-EFJLP,yes
2673-ZALNP,no
9184-GALIL,no
4393-RYCRE,no
9746-MDMBK,yes
3162-ZJZFU,no
8404-GFGCZ,yes
8875-AKBYH,yes
4432-ADRLB,no
0533-UCAAU,yes
1394-SUIUH,no
3521-MNKLV,no
1565-RHDJD,yes
7137-RYLPP,yes
3765-JXVKY,no
5092-STPKP,no
7330-WZLNC,yes
0114-PEGZZ,yes
3359-DSRKA,no
8639-NHQEI,yes
7161-DFHUF,yes
3957-LXOLK,yes
3720-DBRWL,no
6635-MYYYZ,no
8565-WUXZU,no
5281-BUZGT,yes
4994-OBRSZ,no
0562-FGDCR,yes
3420-YJLQT,yes
6040-CGACY,no
6582-PLFUU,no
0264-CNITK,no
0089-IIQKO,yes
7839-NUIAA,yes
6075-QMNRR,no
5966-EMAZU,yes
0440-EKDCF,no
4774-HHGGS,no
2718-GAXQD,no
2055-BFOCC,no
8180-AKMJV,no
4298-OYIFC,yes
5566-SOEZD,no
2272-WUSPA,yes
4584-LBNMK,yes
3898-GUYTS,yes
0930-EHUZA,no
6413-XKKPU,no
9975-SKRNR,no
3703-KBKZP,yes
1449-XQEMT,no
2626-URJFX,yes
4973-MGTON,no
3682-YEUWS,yes
1223-UNPKS,no
2612-RRIDN,no
4735-ASGMA,yes
3446-QDSZF,no
6892-EZDTG,yes
5117-IFGPS,yes
7379-FNIUJ,no
1627-AFWVJ,no
9725-SCPZG,no
5884-GCYMI,no
3217-FZDMN,no
4486-EFAEB,no
0060-FUALY,yes
7853-GVUDZ,no
7480-QNVZJ,yes
6954-OOYZZ,no
7088-FBAWU,no
8313-AFGBW,no
3943-KDREE,yes
3097-IDVPU,yes
4398-HSCJH,yes
2303-PJYHN,no
1237-WIYYZ,no
1987-AUELQ,yes
7852-LECYP,yes
4822-LPTYJ,yes
6527-PZFPV,no
4855-SNKMY,no
9593-CVZKR,yes
8595-SIZNC,yes
7124-UGSUR,yes
5236-XMZJY,no
4827-DPADN,yes
2694-CIUMO,yes
5846-ABOBJ,yes
1439-LCGVL,no
4647-XXZAM,no
1502-XFCVR,no
9692-TUSXH,no
7912-SYRQT,yes
3557-HTYWR,yes
4816-JBHOV,no
8920-NAVAY,yes
1699-TLDLZ,no
5600-PDUJF,no
8292-TYSPY,no
1867-BDVFH,yes
2067-QYTCF,yes
2359-QWQUL,no
9103-TCIHJ,yes
7407-SUJIZ,no
9150-KPBJQ,no
0052-DCKON,yes
3654-ARMGP,yes
9699-UBQFS,yes
9367-TCUYN,no
0708-SJDIS,yes
4140-WJAWW,no
6928-ONTRW,no
3320-VEOYC,yes
5231-FIQPA,no
6617-WLBQC,yes
2599-CIPQE,no
6653-CBBOM,no
8774-GSBUN,yes
7326-RIGQZ,no
1401-FTHFQ,no
3247-ZVOUO,yes
0254-FNMCI,no
1848-LBZHY,no
6101-IMRMM,no
8118-TJAFG,no
5429-LWCMV,yes
7298-IZWLY,no
3955-JBZZM,no
1268-ASBGA,yes
8943-URTMR,no
4815-TUMEQ,no
4713-LZDRV,no
9909-IDLEK,yes
4092-OFQZS,no
1561-BWHIN,no
4325-NFSKC,yes
9927-DSWDF,no
9500-LTVBP,yes
7252-NTGSS,no
8149-AIQCG,yes
1360-JYXKQ,no
2955-PSXOE,no
7762-URZQH,yes
0899-WZRSD,yes
3255-GRXMG,no
4828-FAZPK,yes
6094-ZIVKX,no
6925-BAYGL,yes
3262-EIDHV,yes
7354-OIJLX,yes
1376-HHBDV,no
6907-NZZIJ,yes
4135-FRWKJ,yes
3744-ZRRDZ,yes
6551-ZCOTS,yes
5018-LXQQG,no
6892-BOGQE,no
1602-IJQQE,yes
4628-WQCQQ,no
1746-TGTWV,no
5995-SNNEW,yes
2821-WARNZ,no
4879-GZLFH,no
1644-IRKSF,no
8314-HTWVE,no
9402-ROUMJ,yes
2507-QZPQS,yes
7159-NOKYQ,yes
5707-ZMDJP,no
8779-YIQQA,no
7136-IHZJA,no
8966-OIQHG,no
3705-PSNGL,no
8739-QOTTN,no
1399-OUPJN,no
0277-BKSQP,no
6502-HCJTI,yes
5774-XZTQC,no
2676-SSLTO,yes
6266-QHOJZ,yes
7269-JISCY,no
0363-SVHYR,yes
8547-NSBBO,yes
8258-GSTJK,yes
6861-OKBCE,no
9940-RHLFB,no
6591-QGOYB,yes
9070-BCKQP,yes
6421-SZVEM,no
1328-EUZHC,no
2995-UPRYS,no
8878-RYUKI,no
9633-DENPU,no
7811-JIVPF,no
7113-HIPFI,no
8541-QVFKM,yes
6686-YPGHK,no
1383-EZRWL,no
9258-CNWAC,yes
5371-VYLSX,yes
6374-AFWOX,no
4759-TRPLW,no
7621-VPNET,yes
6034-YMTOB,no
8563-IIOXK,no
4903-CNOZC,yes
4353-HYOJD,no
8020-BWHYL,no
7267-FRMJW,no
2982-VPSGI,yes
4188-FRABG,yes
8199-ZLLSA,yes
4128-ETESU,yes
0620-DLSLK,no
5980-NOPLP,yes
3850-OKINF,yes
6892-XPFPU,yes
8010-EZLOU,yes
1156-ZFYDO,no
3295-YVUSR,yes
8016-NCFVO,yes
4119-ZYPZY,yes
5549-ZGHFB,yes
7577-SWIFR,no
0303-WMMRN,no
6408-OTUBZ,yes
5204-HMGYF,no
3727-OVPRY,yes
3797-FKOGQ,yes
6196-HBOBZ,yes
3970-XGJDU,no
7017-VFULY,no
5562-YJQGT,no
8807-OPMBM,yes
5439-WIKXB,no
9874-QLCLH,yes
8294-UIMBA,no
8109-YUOHE,no
5840-NVDCG,no
8092-NLTGF,yes
5928-QLDHB,yes
9840-EFJQB,no
0696-UKTOX,no
4801-KFYKL,no
6135-OZQVA,yes
8062-YBDOE,no
2252-JHJGE,yes
4188-PCPIG,no
6000-APYLU,no
7105-BENQF,no
7721-DVEKZ,no
3566-VVORZ,no
9507-HSMMZ,no
2480-SQIOB,no
0947-IDHRQ,no
7813-TKCVO,no
3672-YITQD,yes
4350-ZTLPI,yes
9048-JVYVF,no
5727-MYATE,yes
3823-KYNQY,yes
8988-ECPJR,yes
7570-WELNY,yes
3021-VLNRJ,no
2080-CAZNM,yes
1028-FFNJK,yes
6907-FLBER,yes
3001-UNBTL,yes
5982-PSMKW,yes
3507-GASNP,no
7096-ZNBZI,yes
1902-XBTFB,no
1676-MQAOA,no
0786-IVLAW,yes
7566-DSRLQ,yes
0643-OKLRP,yes
7245-JMTTQ,yes
6050-IJRHS,yes
6202-JVYEU,no
8591-TKMZH,yes
0734-OXWBT,no
0365-TRTPY,yes
7349-ALMUX,no
6502-KUGLL,no
1841-YSJGV,yes
8382-SHQEH,yes
7668-XCFYV,yes
2983-ZANRP,no
7845-URHJN,no
5018-HEKFO,yes
2923-ARZLG,no
3976-NLDEZ,no
2282-YGNOR,no
5336-UFNZP,yes
6854-EXGSF,yes
1241-EZFMJ,yes
9233-PSYHO,yes
5376-PCKNB,yes
8044-BGWPI,no
4060-LDNLU,yes
3589-PPVKW,no
8327-LZKAS,yes
5887-IKKYO,yes
1075-BGWOH,yes
1755-RMCXH,no
0302-JOIVN,no
3858-XHYJO,yes
4299-SIMNS,yes
7025-IWFHT,no
6261-LHRTG,no
7841-FCRQD,no
2056-EVGZL,no
8777-MBMTS,no
7753-USQYQ,no
5366-IJEQJ,yes
7661-CPURM,no
6233-HXJMX,yes
5902-WBLSE,no
1981-INRFU,no
4971-PUYQO,yes
3239-TPHPZ,no
3338-CVVEH,yes
8485-GJCDN,no
2615-YVMYX,yes
2851-STERV,no
4393-GEADV,yes
8486-AYEQH,yes
1527-SXDPN,yes
6029-WTIPC,yes
8634-CILSZ,yes
5419-JKZNQ,yes
2495-KZNFB,yes
1409-PHXTF,yes
4560-WQAQW,yes
4274-DRSQT,yes
2027-DNKIV,no
8075-GXIUB,no
2885-HIJDH,yes
5424-RLQLC,no
6682-QJDGB,no
6507-DTJZV,no
8780-IXSTS,yes
7673-BQGKU,no
6723-WSNTY,yes
9530-EHPOH,yes
2725-IWWBA,no
0345-HKJVM,no
1061-PNTHC,yes
0394-YONDK,yes
6574-MCOEH,yes
7399-QHBJS,yes
3049-SOLAY,yes
0997-YTLNY,no
9479-HYNYL,no
3235-ETOOB,no
9708-KFDBY,no
8058-INTPH,no
3642-GKTCT,yes
1334-PDUKM,yes
2242-MFOTG,yes
2927-CVULT,yes
2144-BFDSO,yes
7647-GYYKX,no
5647-FXOTP,yes
5569-OUICF,yes
8821-XNHVZ,no
2082-OJVTK,yes
9700-ISPUP,no
6078-VESFR,no
9027-TMATR,no
5940-NFXKV,yes
1941-HOSAM,no
9110-HSGTV,no
0704-VCUMB,no
6171-ZTVYB,yes
8053-WWDRO,no
9564-KCLHR,no
1935-IMVBB,no
2082-CEFLT,no
1470-PSXNM,yes
1213-NGCUN,no
2498-XLDZR,no
9866-OCCKE,yes
5338-YHWYT,no
7718-UPSKJ,no
8731-WBBMB,no
1448-CYWKC,yes
7901-IIDQV,yes
2690-DVRVK,no
5688-KZTSN,no
1270-XKUCC,no
0334-ZFJSR,yes
5747-PMBSQ,no
4565-EVZMJ,no
3143-JQEGI,no
6386-SZZKH,yes
3327-YBAKM,no
9441-QHEVC,no
6705-LNMDD,no
3370-GQEAL,yes
5032-USPKF,yes
2982-IHMFT,yes
3521-SYVOR,no
6283-GITPX,no
9526-JAWYF,no
0771-CHWSK,yes
9788-HNGUT,yes
5375-XLDOF,yes
1172-VIYBP,yes
5649-VUKMC,no
6559-PDZLR,no
8992-OBVDG,no
4273-MBHYA,no
4724-WXVWF,yes
1460-UZPRJ,no
6082-GLJIX,no
4919-IKATY,yes
2495-TTHBQ,no
0485-ZBSLN,yes
3810-PJUHR,yes
9050-QLROH,yes
0847-HGRML,no
8232-CTLKO,no
9227-YBAXE,yes
6168-WFVVF,no
9860-LISIZ,no
0112-QAWRZ,yes
0877-SDMBN,yes
2786-GCDPI,yes
4043-MKDTV,no
8065-YKXKD,yes
9637-EIHEQ,no
9229-RQABD,yes
8313-KTIHG,no
5320-BRKGK,yes
6284-KMNUF,yes
9689-PTNPG,no
9465-RWMXL,yes
2362-IBOOY,yes
3137-LUPIX,yes
0843-WTBXE,yes
6143-JQKEA,no
5515-IDEJJ,no
9701-CDXHR,no
7450-NWRTR,yes
5376-DEQCP,no
5118-MUEYH,yes
9095-HFAFX,no
5627-TVBPP,no
2379-ENZGV,no
3936-QQFLL,no
2589-AYCRP,no
4067-HLYQI,no
5124-EOGYE,no
5057-RKGLH,no
0292-WEGCH,yes
8910-ICHIU,no
4097-YODCF,yes
9715-WZCLW,yes
9786-YWNHU,no
6407-GSJNL,yes
6005-OBZPH,yes
4049-ZPALD,no
3733-UOCWF,yes
6833-JMZYP,no
2722-VOJQL,yes
1310-QRITU,yes
8961-QDZZJ,no
9715-SBVSU,no
8490-BXHEO,yes
7173-TETGO,yes
7929-SKFGK,yes
2300-RQGOI,no
3563-SVYLG,no
5228-EXCET,no
6435-VWCCY,yes
4998-IKFSE,yes
8630-QSGXK,yes
2455-USLMV,yes
7394-FKDNK,no
9488-FVZCC,yes
6331-LWDTQ,yes
5995-WWKKG,no
1597-FZREH,no
7879-CGSFV,no
9921-EZKBY,yes
7432-FFVAR,no
7246-ZGQDF,no
7000-WCEVQ,yes
0727-IWKVK,no
5959-BELXA,yes
4456-RHSNB,no
3512-IZIKN,yes
2481-SBOYW,yes
7109-MFBYV,no
1833-TCXKK,yes
1832-PEUTS,yes
6141-OOXUQ,no
8660-BUETV,no
0580-PIQHM,yes
5696-CEIQJ,no
7503-ZGUZJ,yes
1696-HXOWK,yes
3026-ATZYV,no
4012-YCFAI,no
2506-TNFCO,no
9970-QBCDA,no
9496-IVVRP,no
2207-OBZNX,no
2657-VPXTA,no
6551-VLJMV,no
1221-GHZEP,no
9289-LBQVU,yes
6142-VSJQO,no
3458-IDMFK,no
6933-FHBZC,no
0221-NAUXK,no
9770-KXGQU,yes
6437-UKHMV,no
6538-POCHL,no
6726-NNFWD,no
3002-WQZWT,yes
4277-UDIEF,yes
1208-NBVFH,no
4912-PIGUY,yes
1114-CENIM,yes
6060-DRTNL,no
2725-TTRIQ,yes
3374-TTZTK,no
8990-ZXLSU,no
2275-RBYQS,no
8473-VUVJN,yes
6289-CPNLD,no
5536-SLHPM,yes
4419-UJMUS,yes
7794-JASDG,no
7609-YBPXG,yes
5519-TEEUH,no
7856-GANIL,yes
2676-OXPPQ,no
3703-TTEPD,no
2799-TSLAG,yes
0196-VULGZ,yes
8837-VVWLQ,no
2696-NARTR,no
2208-NKVVH,yes
1976-CFOCS,no
4631-OACRM,no
7139-JZFVG,no
3755-JBMNH,no
1757-TCATG,no
6345-ULYRW,yes
8048-DSDFQ,no
5753-QQWPW,no
6010-DDPPW,yes
1809-DMJHQ,no
6693-FRIRW,no
6586-MYGKD,yes
3173-NVMPX,yes
0248-PGHBZ,no
0623-GDISB,no
2892-GESUL,no
6923-EFPNL,yes
7472-EQOAV,no
9574-RKJIF,yes
2043-WVTQJ,no
8034-RYTVV,yes
3863-QSTYI,no
2619-WFQWU,no
5044-LRQAQ,no
1716-LSAMB,no
1333-PBMXB,yes
6546-OPBBH,yes
5985-BEHZK,yes
9127-QRZMH,no
5919-VCZYM,no
9644-KVCNC,yes
8174-LNWMW,no
9279-CJEOJ,yes
7964-VEXDG,yes
2404-JIBFC,yes
8029-XYPWT,yes
4614-NUVZD,no
4632-PAOYU,no
3803-KMQFW,no
6804-GDMOI,yes
2990-OGYTD,yes
6646-JPPHA,no
9572-MTILT,yes
7658-UYUQS,no
9611-CTWIH,no
4589-IUAJB,yes
0329-GTIAJ,no
8746-BFOAJ,no
8457-XIGKN,no
6072-NUQCB,no
6629-CZTTH,no
8838-GPHZP,no
8750-QWZAJ,no
5364-EVNIB,no
6918-UMQCG,no
0675-NCDYU,yes
1346-PJWTK,no
5088-QZLRL,no
8023-QHAIO,yes
4397-FRLTA,no
3057-VJJQE,yes
2302-OUZXB,yes
8133-ANHHJ,yes
2270-CHBFN,yes
0013-EXCHZ,no
5982-FPVQN,yes
9107-UKCKY,yes
4654-ULTTN,yes
5550-VFRLC,no
5546-BYZSM,no
1492-KGETH,yes
4929-BSTRX,no
4163-HFTUK,no
8215-NGSPE,no
2225-ZRGSG,yes
8859-YSTWS,no
5271-YNWVR,yes
7601-DHFWZ,yes
2657-ALMWY,no
6330-JKLPC,yes
4667-OHGKG,no
1998-VHJHK,no
1707-HABPF,no
1660-HSOOQ,no
7253-UVNDW,no
0487-VVUVK,no
7228-OMTPN,no
5063-IUOKK,no
4508-OEBEY,no
0027-KWYKW,yes
2308-STERM,no
5982-XMDEX,yes
6284-AHOOQ,yes
6051-PTVNS,no
2344-JMOGN,no
3799-ISUZQ,no
9152-AMKAK,no
1794-HBQTJ,no
9432-VOFYX,no
8049-WJCLQ,no
6586-PSJOX,no
9705-ZJBCG,no
4818-DRBQT,yes
1320-HTRDR,yes
6847-KJLTS,yes
9670-BPNXF,no
3913-FCUUW,yes
3301-VKTGC,yes
1493-AMTIE,no
9555-SAHUZ,no
0816-TSPHQ,no
9932-WBWIK,no
4619-EVPHY,no
5286-YHCVC,yes
6424-ELEYH,yes
4391-RESHN,yes
9115-YQHGA,no
4462-CYWMH,yes
8963-MQVYN,no
2458-EOMRE,no
9334-GWGOW,yes
6821-BUXUX,yes
5028-HTLJB,no
9801-GDWGV,yes
5567-GZKQY,no
1222-LRYKO,yes
2320-JRSDE,no
2087-QAREY,no
4423-JWZJN,yes
5143-WMWOG,no
6490-FGZAT,no
5393-RXQSZ,no
7452-FOLON,yes
2320-TZRRH,no
0231-LXVAP,no
9444-JTXHZ,no
4942-VZZOM,yes
5510-BOIUJ,no
7502-BNYGS,no
6147-CBCRA,no
6047-SUHPR,no
4471-KXAUH,yes
9752-ZNQUT,no
7638-QVMVY,no
1576-PFZIW,no
5666-MBJPT,yes
7312-XSBAT,no
3096-GKWEB,yes
2371-JQHZZ,yes
0674-GCDXG,yes
1121-QSIVB,yes
4396-KLSEH,no
3244-DCJWY,no
2824-MYYBN,yes
0875-CABNR,no
6469-QJKZW,no
0147-ESWWR,yes
1217-VASWC,no
7812-FZHPE,yes
6370-ZVHDV,yes
5915-DGNVC,yes
6260-XLACS,no
4983-CCWMC,no
9103-CXVOK,no
2896-TBNBE,no
4797-AXPXK,no
5229-PRWKT,yes
6982-UQZLY,no
2522-WLNSF,no
0193-ESZXP,no
4475-NVTLU,no
4369-HTUIF,no
9386-LDCZR,no
9585-KKMFD,no
5399-ZIMKF,no
5619-XZZKR,no
3948-FVVRP,no
5327-XOKKY,yes
0983-TATYJ,no
1813-JYWTO,yes
0156-FVPTA,no
1984-FCOWB,yes
0654-HMSHN,yes
6719-OXYBR,no
3312-ZWLGF,yes
6476-YHMGA,no
5287-QWLKY,yes
0795-XCCTE,yes
0168-XZKBB,yes
3785-NRHYR,no
5196-SGOAK,no
4537-DKTAL,no
7072-MBHEV,yes
5602-BVFMK,no
6297-NOOPG,yes
1891-UAWWU,yes
8204-TIFGJ,no
8050-DVOJX,yes
6108-OQZDQ,yes
0363-QJVFX,yes
8903-XEBGX,no
9840-DVNDC,no
1089-XZWHH,no
2325-WINES,yes
6064-ZATLR,no
3096-JRDSO,yes
7824-PANSQ,yes
8042-JVNFH,no
9648-BCHKM,yes
2888-ADFAO,no
8707-HOEDG,yes
3374-LXDEV,yes
4072-IPYLT,no
7167-PCEYD,no
4936-YPJNK,no
1580-BMCMR,no
4817-KEQSP,no
6408-WHTEF,yes
9251-AWQGT,no
8749-CLJXC,no
7989-VCQOH,no
5049-GLYVG,no
4199-QHJNM,yes
5883-GTGVD,yes
5135-GRQJV,yes
2384-OVPSA,no
1371-WEPDS,no
3580-GICBM,yes
4817-QRJSX,yes
9730-DRTMJ,yes
4686-UXDML,yes
3349-ANQNH,yes
2398-YPMUR,no
0932-YIXYU,no
7480-SPLEF,yes
7636-XUHWW,no
1431-CYWMH,no
5937-EORGB,yes
6349-JDHQP,no
5539-HIVAK,yes
5847-MXBEO,no
9985-MWVIX,no
4583-PARNH,no
1421-HCERK,yes
9633-XQABV,no
0716-BQNDX,yes
1265-XTECC,yes
1183-CANVH,no
1972-XMUWV,no
8679-LZBMD,no
3407-JMJQQ,yes
6252-DFGTK,yes
1539-LNKHM,no
8645-KOMJQ,yes
0289-IVARM,no
9761-XUJWD,no
4057-FKCZK,yes
4291-TPNFG,yes
6087-YPWHO,yes
3090-QFUVD,no
2237-ZFSMY,no
1722-LDZJS,no
1818-ESQMW,no
4871-JTKJF,no
1415-YFWLT,no
7401-RUBNK,no
0506-YLVKJ,no
8661-BOYNW,yes
6711-VTNRE,no
2805-AUFQN,no
7233-DRTRF,yes
3500-RMZLT,no
3873-NFTGI,yes
1162-ECVII,yes
7048-GXDAY,yes
1169-WCVAK,yes
4548-SDBKE,yes
7129-CAKJW,yes
8695-ARGXZ,yes
3570-YUEKJ,no
4143-OOBWZ,yes
1555-HAPSU,yes
1697-NVVGY,no
7854-EKTJL,no
8464-EETCQ,no
2419-FSORS,yes
8132-YPVBX,no
9102-IAYHT,yes
6754-LZUKA,yes
3422-LYEPQ,no
8099-MZPUJ,yes
0787-LHDYT,no
2642-DTVCO,yes
0374-IOEGQ,no
4361-JEIVL,no
3197-NNYNB,yes
3396-DKDEL,yes
1752-OZXFY,no
9066-QRSDU,yes
9112-WSNPU,no
9867-NNXLC,no
5321-NTRKC,yes
1363-TXLSL,no
9507-EXLTT,no
3161-GETRM,yes
0402-OAMEN,yes
6754-WKSHP,yes
9846-GKXAS,no
6017-PPLPX,no
5055-MGMGF,yes
4641-FROLU,no
2862-JVEOY,no
9822-BIIGN,yes
2077-MPJQO,yes
1534-OULXE,no
2971-SGAFL,yes
1480-IVEVR,yes
2905-KFQUV,no
4581-SSPWD,yes
3370-HXOPH,yes
9391-YZEJW,yes
9958-MEKUC,yes
0281-CNTZX,no
6927-WTFIV,no
4118-CEVPF,yes
3398-ZOUAA,no
9114-VEPUF,yes
7876-BEUTG,yes
2338-BQEZT,no
9873-MNDKV,no
0378-NHQXU,yes
8241-JUIQO,no
2194-IIQOF,yes
4512-ZUIYL,no
9631-RXVJM,no
9584-EXCDZ,no
7969-AULMZ,yes
5093-FEGLU,no
2621-UDNLU,no
7526-IVLYU,no
2428-HYUNX,no
9214-EKVXR,no
3410-MHHUM,yes
0568-ONFPC,yes
0733-VUNUW,yes
4550-EVXNY,no
2122-YWVYA,no
2968-SSGAA,yes
2296-DKZFP,no
4844-JJWUY,no
6777-TGHTM,yes
8909-BOLNL,no
6603-YRDCJ,no
3229-USWAR,no
2138-VFAPZ,no
6131-JLWZM,no
0269-XFESX,yes
1709-EJDOX,no
4316-XCSLJ,no
8610-WFCJF,yes
0383-CLDDA,yes
2709-UQGNP,no
3549-ZTMNH,yes
7881-INRLC,yes
8033-ATFAS,no
1635-NZATJ,yes
0562-HKHML,yes
8277-RVRSV,yes
9943-VSZUV,yes
6172-FECYY,yes
7054-ENNGU,no
1455-HFBXA,yes
9402-CXWPL,yes
1628-BIZYP,no
1965-AKTSX,yes
0082-LDZUE,no
4786-UKSNZ,no
5343-SGUBI,yes
0856-NAOES,no
7248-VZQLC,yes
6156-UZDLF,no
3099-OONVS,no
9500-WBGRP,no
5183-KLYEM,yes
5144-PQCDZ,no
8514-VZHEB,no
6625-IUTTT,no
9355-NPPFS,no
0068-FIGTF,no
5965-GGPRW,yes
8035-PWSEV,no
2236-HILPA,no
1840-BIUOG,yes
1356-MKYSK,no
6080-LNESI,yes
1830-IPXVJ,no
5828-DWPIL,yes
8398-TBIYD,yes
0011-IGKFF,no
4192-GORJT,no
6496-SLWHQ,yes
9912-GVSEQ,yes
2931-FSOHN,no
9418-RUKPH,no
5383-MMTWC,yes
9971-ZWPBF,yes
9711-FJTBX,no
2202-CUYXZ,no
5995-OIGLP,no
8421-WZOOW,no
6261-RCVNS,no
7951-QKZPL,yes
1414-YADCW,no
5816-QVHRX,yes
4430-YHXGG,yes
6888-SBYAI,no
7169-YWAMK,no
3640-PHQXK,yes
6877-LGWXO,no
6859-RKMZJ,no
2729-VNVAP,no
2957-JIRMN,yes
3842-QTGDL,no
7163-OCEQI,yes
9782-LGXMC,no
5975-BAICR,no
8019-ENHXU,yes
9033-EOXWV,yes
4673-KKSLS,no
4853-OITSN,yes
9800-OUIGR,no
1324-NLTJE,yes
2324-EFHVG,yes
7094-MSZAO,no
1522-VVDMG,no
0780-XNZFN,no
0239-OXEXL,yes
2675-IJRGJ,no
7049-GKVZY,no
8577-QSOCG,no
3721-CNZHX,no
9185-TQCVP,yes
3585-YNADK,yes
5271-DBYSJ,no
1099-GODLO,no
6828-HMKWP,no
5567-WSELE,yes
1472-TNCWL,no
8063-RJYNF,no
0687-ZVTHB,yes
2080-GKCWQ,no
9661-ACXBS,yes
2193-SFWQW,no
5656-JAMLX,no
3462-BJQQA,yes
0442-TDYUO,no
6733-LRIZX,yes
9503-XJUME,no
3727-RJMEO,yes
3779-OSWCF,yes
6736-DHUQI,no
3915-ODIYG,yes
4451-RWASJ,no
6646-VRFOL,yes
3460-TJBWI,yes
5917-HBSDW,no
5685-IIXLY,no
5671-UUNXD,yes
0956-ACVZC,no
2325-NBPZG,no
4250-ZBWLV,yes
4482-FTFFX,no
8859-DZTGQ,no
0440-MOGPM,yes
3752-CQSJI,no
5025-GOOKI,no
4698-KVLLG,no
5095-AESKG,yes
2887-JPYLU,no
4770-QAZXN,no
4896-CPRPF,yes
1871-MOWRM,no
9714-EDSUC,no
9090-SGQXL,yes
6595-YGXIT,yes
7353-YOWFP,no
9835-ZIITK,yes
8008-ESFLK,no
7537-CBQUZ,yes
1555-DJEQW,yes
0519-XUZJU,no
3363-EWLGO,no
4750-UKWJK,no
1689-YQBYY,yes
4487-ZYJZK,no
2959-FENLU,no
0708-LGSMF,yes
9253-QXKBE,yes
7634-HLQJR,no
0487-RPVUM,yes
4079-ULGFR,no
2516-XSJKX,no
0057-QBUQH,yes
9445-SZLCH,yes
6599-SFQVE,no
8331-ZXFOE,yes
4003-FUSHP,no
0356-ERHVT,no
4884-ZTHVF,no
3920-HIHMQ,yes
3055-OYMSE,no
0613-WUXUM,no
4458-KVRBJ,yes
5349-IECLD,no
3945-GFWQL,no
8097-OMULG,no
6013-BHCAW,yes
0401-WDBXM,yes
3387-PLKUI,no
6096-EGVTU,yes
5081-NWSUP,no
2580-ATZSQ,no
8085-MSNLK,yes
9691-HKOVS,yes
9881-VCZEP,yes
8757-TFHHJ,no
4523-WXCEF,yes
1468-DEFNC,yes
5119-KEPFY,yes
8364-TRMMK,yes
0916-KNFAJ,yes
3063-QFSZL,no
8775-LHDJH,yes
9625-QNLUX,no
3097-NQYSN,yes
4024-CSNBY,yes
7493-GVFIO,no
0690-SRQID,no
9605-WGJVW,no
9114-DPSIA,yes
4700-UBQMV,yes
7711-GQBZC,yes
3565-UNOCC,yes
4627-MIHJH,yes
9795-NREXC,yes
8573-CGOCC,no
7356-AYNJP,yes
9249-FXSCK,yes
5493-SDRDQ,no
6286-SUUWT,no
8654-DHAOW,yes
5438-QMDDL,no
9812-GHVRI,yes
5553-AOINX,yes
1228-ZLNBX,yes
4226-KKDON,no
3831-YCPUO,no
7445-WMRBW,yes
3308-DGHKL,no
9924-JPRMC,yes
0080-EMYVY,no
6218-KNUBD,no
7337-CINUD,no
7609-NRNCA,no
0623-EJQEG,yes
7153-CHRBV,no
0871-URUWO,yes
9190-MFJLN,no
6198-PNNSZ,yes
3317-VLGQT,no
5614-DNZCE,no
1095-JUDTC,yes
3258-SANFR,no
3726-TBHQT,yes
3190-ITQXP,no
0870-VEMYL,no
4833-QTJNO,yes
3039-MJSLN,no
0178-CIIKR,no
5385-SUIRI,yes
3982-XWFZQ,yes
5774-QPLTF,no
2322-VCZHZ,no
4009-ALQFH,no
6383-ZTSIW,no
8990-YOZLV,yes
5222-IMUKT,no
3627-FCRDW,no
7562-GSUHK,no
6685-XSHHU,no
8901-UPRHR,yes
4903-UYAVB,no
0118-JPNOY,no
6776-TLWOI,no
3845-FXCYS,no
5857-XRECV,no
0725-CXOTM,yes
4343-EJVQB,no
3427-GGZZI,yes
7779-ORAEL,yes
0644-OQMDK,no
4077-CROMM,yes
3154-CFSZG,no
2868-MZAGQ,no
4847-QNOKA,no
2220-IAHLS,no
1658-XUHBX,yes
6379-RXJRQ,no
2378-HTWFW,yes
4377-VDHYI,no
0475-RIJEP,yes
1260-TTRXI,no
3719-TDVQB,no
6328-ZPBGN,yes
0201-MIBOL,yes
4937-QPZPO,yes
2925-VDZHY,yes
3413-CSSTH,yes
8033-VCZGH,yes
4789-KWMXN,yes
0224-NIJLP,no
7542-CYDDM,no
4718-WXBGI,yes
2867-UIMSS,no
8495-PRWFH,yes
0439-IFYUN,no
5716-LIBJC,yes
2868-LLSKM,yes
8111-RKSPX,yes
2988-QRAJY,yes
1585-MQSSU,no
0071-NDAFP,yes
2856-NNASM,no
7328-ZJAJO,no
6458-CYIDZ,no
8559-CIZFV,yes
1090-PYKCI,yes
7547-EKNFS,yes
2279-AXJJK,yes
6769-DYBQN,no
0909-SELIE,yes
1042-HFUCW,no
4439-JMPMT,no
8999-EXMNO,no
6725-TPKJO,no
2446-BEGGB,yes
7162-WPHPM,yes
1599-MMYRQ,no
0042-JVWOJ,no
0130-SXOUN,yes
2575-GFSOE,no
2330-PQGDQ,yes
1452-UZOSF,yes
2097-YVPKN,yes
2842-JTCCU,no
8597-CTXVJ,yes
6631-HMANX,yes
9962-BFPDU,no
3296-SILRA,no
9681-OXGVC,yes
6394-HHHZM,no
5995-LFTLE,yes
1932-UEDCX,yes
7153-OANIO,no
5188-HGMLP,yes
0665-XHDJU,yes
6521-YYTYI,yes
8878-HMWBV,no
8265-HKSOW,yes
3544-FBCAS,yes
5331-RGMTT,yes
4759-PXTAN,yes
7054-DMVAS,no
3428-MMGUB,yes
7823-JSOAG,yes
3705-RHRFR,yes
9374-YOLBJ,no
9933-QRGTX,no
4476-OSWTN,yes
1977-STDKI,no
5066-GFJMM,no
2661-GKBTK,no
7268-WNTCP,no
0824-VWDPO,yes
2578-JQPHZ,no
3278-FSIXX,no
5813-UECBU,yes
0328-GRPMV,no
9746-UGFAC,no
0625-AFOHS,no
6726-WEXXK,yes
4636-OLWOE,no
4342-HENTK,no
4685-ERGHK,yes
0885-HMGPY,yes
5003-OKNNK,no
4195-SMMNX,no
7208-PSIHR,yes
4012-ZTHBR,no
0489-WMEMG,no
7435-ZNUYY,no
1354-YZFNB,no
6956-SMUCM,no
2985-FMWYF,yes
2717-HVIZY,no
3223-WZWJM,yes
3422-GALYP,yes
9053-JZFKV,yes
2530-ENDWQ,yes
2890-WFBHU,yes
0327-WFZSY,yes
7977-HXJKU,no
6615-ZGEDR,no
7033-CLAMM,no
0864-FVJNJ,yes
7356-IWLFW,yes
9541-PWTWO,yes
3967-VQOGC,yes
7872-RDDLZ,yes
9250-WYPLL,yes
6308-CQRBU,yes
2754-XBHTB,no
1597-LHYNC,yes
0186-CAERR,yes
3043-SUDUA,no
5442-BHQNG,no
2169-RRLFW,yes
3162-KKZXO,yes
7055-VKGDA,no
0754-UKWQP,no
8873-GLDMH,yes
5696-JVVQY,no
8946-BFWSG,yes
7493-TPUWZ,yes
0547-HURJB,no
8845-LWKGE,no
1577-HKTFG,no
8752-STIVR,no
0691-NIKRI,yes
5022-JNQEQ,no
4558-FANTW,no
3736-BLEPA,no
4701-LKOZD,yes
6603-QWSPR,no
9921-QFQUL,yes
4378-MYPGO,no
8651-ENBZX,yes
4129-LYCOI,yes
7798-JVXYM,no
8647-SDTWQ,yes
2696-ECXKC,yes
2081-KJSQF,no
7623-TRNQN,no
3323-CPBWR,yes
9330-IJWIO,yes
3384-CTMSF,yes
0902-RFHOF,no
9286-DOJGF,yes
6048-QBXKL,yes
9661-MHUMO,no
7718-RXDGG,no
1025-FALIX,no
3451-VAWLI,no
3407-QGWLG,no
1842-EZJMK,yes
2347-WKKAE,yes
8735-DCXNF,no
3214-IYUUQ,no
1936-UAFEH,yes
3587-PMCOY,no
8079-XRJRS,yes
1027-LKKQQ,no
7148-XZPHA,no
8073-IJDCM,no
5309-TAIKL,no
6856-RAURS,yes
8778-LMWTJ,no
9717-IOAAF,yes
8884-ADFVN,yes
2845-KDHVX,no
2720-WGKHP,yes
6734-FQAJX,no
2869-ADAWR,yes
1535-VTJOQ,yes
6368-TZZDT,no
0943-ZQPXH,no
1293-BSEUN,no
9894-EZEWG,no
1302-TPUBN,no
0637-UBJRP,no
0940-OUQEC,yes
2378-VTKDH,yes
0927-CNGRH,no
8608-OZTLB,no
1952-DVVSW,no
0702-PGIBZ,yes
6656-GULJQ,yes
9853-JFZDU,no
1963-VAUKV,no
3777-XROBG,no
6994-FGRHH,no
4000-VGMQP,yes
3466-RITXD,yes
2680-XKKNJ,no
3058-HJCUY,yes
2974-GGUXS,yes
7994-XIRTR,no
3259-FDWOY,yes
2101-RANCD,yes
7921-BEPCI,yes
0807-ZABDG,no
8510-TMWYB,yes
3258-ZKPAI,yes
1428-IEDPR,yes
5298-GSTLM,yes
6728-CZFEI,no
5748-RNCJT,yes
3653-NCRDJ,no
6121-TNHBO,yes
5119-NZPTV,no
6519-ZHPXP,no
7739-LAXOG,yes
3472-QPRCH,yes
9776-CLUJA,yes
2486-WYVVE,yes
3865-ZYKAD,yes
1422-DGUBX,yes
2999-AANRQ,no
8668-KNZTI,no
0480-KYJVA,yes
3926-YZVVX,no
6000-UKLWI,no
2079-FBMZK,no
6332-FBZRI,yes
2096-XOTMO,no
3266-FTKHB,no
8221-EQDGL,no
2346-LOCWC,no
6608-QQLVK,no
7560-QJAVJ,no
2995-YWTCD,yes
3551-HUAZH,yes
9137-UIYPG,no
2809-ZMYOQ,yes
5084-OOVCJ,no
0254-WWRKD,no
7727-SHVZV,no
6302-JGYRJ,yes
5339-PXDVH,yes
2205-LPVGL,yes
8782-NUUOL,no
3685-YLCMQ,yes
7601-WFVZV,no
4609-KNNWG,no
4868-AADLV,yes
9529-OFXHY,yes
8634-MPHTR,yes
2669-QVCRG,yes
9174-IHETN,no
9644-UMGQA,no
8761-NSOBC,no
0419-YAAPX,no
8413-VONUO,no
0872-CASZJ,yes
4726-DLWQN,yes
8164-OCKUJ,no
3094-JOJAI,yes
9494-MRNYX,yes
2599-CZABP,no
7945-PRBVF,no
4544-RXFMG,no
0859-YGKFW,no
1150-FTQGN,yes
9223-UCPVT,no
7196-LIWRH,no
5448-VWNAM,yes
1177-XZBJL,yes
3518-FSTWG,yes
9330-VOFSZ,yes
4351-QLCSU,no
0939-EREMR,no
9389-ACWBI,no
5419-JPRRN,yes
3644-QXEHN,no
2911-IJORQ,yes
5921-NGYRH,no
2100-BDNSN,yes
5998-DZLYR,yes
0488-GSLFR,no
9318-NKNFC,no
3985-HOYPM,no
9728-FTTVZ,no
9548-LERKT,no
7254-IQWOZ,no
2474-BRUCM,yes
4062-HBMOS,yes
0742-NXBGR,no
2676-ISHSF,no
4753-PADAS,yes
6103-QCKFX,no
6110-OHIHY,no
7018-FPXHH,no
5889-LFOLL,yes
5708-EVONK,yes
8708-XPXHZ,yes
0572-ZJKLT,yes
5135-RDDQL,no
1353-LJWEM,no
1794-SWWKL,yes
6876-ADESB,no
9332-GYWLO,no
1963-SVUCV,no
4184-VODJZ,yes
0220-EBGCE,no
1092-WPIVQ,yes
2754-VDLTR,yes
2400-FEQME,no
3190-XFANI,yes
7551-DACSP,no
4957-SREEC,no
7235-NXZCP,yes
4923-ADWXJ,no
1763-KUAAW,no
1104-TNLZA,yes
5195-KPUNQ,no
0520-FDVVT,no
1444-VVSGW,yes
5712-PTIWW,no
5949-HGVJL,no
5203-XEHAX,no
1635-HDGFT,no
3315-TOTBP,yes
8050-XGRVL,no
6661-HBGWL,yes
1518-VOWAV,no
9828-QHFBK,no
5012-YSPJJ,no
5909-ECHUI,no
1309-BXVOQ,yes
6728-VOIFY,no
9317-WZPGV,no
2856-HYAPG,no
8969-PRHFK,no
0661-KQHNK,no
8709-KRDVL,yes
4488-PSYCG,no
1427-VERSM,no
9801-NOSHQ,no
6339-YPSAH,no
3621-CEOVK,yes
6906-ANDWJ,yes
2159-TURXX,no
1548-FEHVL,yes
3795-CAWEX,yes
6215-NQCPY,yes
5647-URDKA,no
2229-DPMBI,no
2188-SXWVT,no
6258-PVZWJ,yes
6969-MVBAI,yes
2978-XXSOG,yes
2342-CKIAO,no
6953-PBDIN,yes
3898-BSJYF,yes
3938-YFPXD,yes
7696-AMHOD,no
2453-SAFNS,yes
9558-IHEZX,yes
9617-UDPEU,no
6340-DACFT,no
4955-VCWBI,no
6813-GZQCG,yes
7426-GSWPO,yes
3389-KTRXV,yes
3118-UHVVQ,yes
1031-IIDEO,no
5832-XKAES,no
3205-MXZRA,no
8317-BVKSO,no
5702-KVQRD,no
0083-PIVIK,yes
9210-IAHGH,no
6169-PGNCD,no
0023-XUOPT,yes
4909-JOUPP,yes
4657-FWVFY,yes
2257-BOVXD,yes
7729-JTEEC,no
7632-MNYOY,yes
6518-LGAOV,yes
4576-CSAJH,no
1000-AJSLD,no
9696-RMYBA,no
8690-UPCZI,yes
1062-LHZOD,no
9770-LXDBK,no
4086-WITJG,no
8344-WFMFH,no
9600-NAXZN,yes
8822-KNBHV,yes
8404-FYDIB,yes
2791-SFVEW,no
6457-USBER,no
6762-NSODU,no
4662-EKDPQ,yes
9248-OJYKK,yes
3398-FSHON,yes
3319-DWOEP,no
1074-WVEVG,no
9979-RGMZT,no
6437-UDQJM,yes
1226-IENZN,no
2108-GLPQB,yes
9259-PACGQ,yes
4415-IJZTP,yes
1465-VINDH,yes
5474-LAMUQ,no
3468-DRVQJ,yes
1122-YJBCS,no
4990-ALDGW,no
4816-OKWNX,no
2810-FTLEM,no
4747-LCAQL,no
3411-WLRSQ,no
0898-XCGTF,yes
8006-PYCSW,no
8249-THVEC,no
8722-PRFDV,no
2164-SOQXL,no
4020-KIUDI,no
5850-BDWCY,no
2038-YSEZE,yes
0827-ITJPH,no
1925-TIBLE,yes
1705-GUHPV,yes
4779-ZGICK,yes
0048-PIHNL,no
0818-OCPZO,yes
3967-KXAPS,yes
1447-GIQMR,no
0674-EYYZV,no
4480-MBMLB,yes
0822-QGCXA,yes
0872-NXJYS,no
2832-KJCRD,yes
3588-WSTTJ,yes
4075-WKNIU,yes
5090-EMGTC,no
2346-CZYIL,no
3798-EPWRR,no
6258-NGCNG,yes
4186-ZBUEW,yes
5274-XHAKY,yes
3978-YNKDD,no
9412-ARGBX,no
1389-CXMLU,yes
9589-ABEPT,yes
7605-SNLQG,no
4670-TABXH,yes
5561-NWEVX,yes
0064-SUDOG,no
8561-NMTBD,yes
5161-XEUVX,yes
8591-NXRCV,yes
4526-RMTLL,yes
6253-GNHWH,yes
4566-NECEV,yes
8080-POTJR,yes
6906-MPARY,no
3662-FXJFO,no
8107-RZLNV,yes
0516-OOHAR,no
2027-CWDNU,no
9912-OMZDS,yes
3733-ZEECP,no
7878-RTCZG,no
2452-MRMZF,yes
2272-QAGFO,yes
7103-IPXPJ,yes
4342-HFXWS,no
3545-CNWRG,yes
1785-BPHTP,no
4989-LIXVT,yes
7315-WYOAW,yes
1173-XZPYF,yes
9850-OWRHQ,yes
3768-NLUBH,yes
8676-TRMJS,yes
2509-TFPJU,yes
9530-GRMJG,yes
6898-RBTLU,yes
5481-NTDOH,yes
2068-WWXQZ,no
7359-SSBJK,no
2061-VVFST,no
0685-MLYYM,no
2380-DAMQP,yes
2256-YLYLP,no
1272-ILHFG,no
0164-XAIRP,no
5666-CYCYZ,yes
4011-ARPHK,no
8182-PNAGI,no
6365-HITVU,no
7558-IMLMT,no
9488-FYQAU,yes
3590-TCXTB,no
6994-KERXL,no
7957-RYHQD,no
2180-DXNEG,no
1960-UOTYM,no
2740-JFBOK,yes
6500-JVEGC,yes
5515-AKOAJ,yes
8976-OQHGT,no
6230-BSUXY,no
8469-SNFFH,yes
1241-FPMOF,no
4114-QMKVN,yes
2775-SEFEE,yes
9003-CPATH,yes
1754-GKYPY,no
7956-XQWGU,no
1591-MQJTP,yes
5295-PCJOO,no
2369-FEVNO,no
9863-JZAIC,no
7471-MQPOS,yes
7660-HDPJV,no
5115-SQAAU,yes
9845-QOMAD,no
7672-VFMXZ,no
9739-JLPQJ,yes
9916-AYHTC,no
3855-ONCAR,no
1488-SYSFC,no
7931-PXHFC,no
3990-QYKBE,yes
0970-QXPXW,no
3259-KNMRR,yes
6120-RJKLU,no
5893-KCLGT,no
3640-JQGJG,no
4919-MOAVT,no
1596-OQSPS,no
9546-KDTRB,yes
3090-HAWSU,yes
9820-RMCQV,no
3174-RKMOW,yes
1760-CAZHT,no
7839-QRKXN,no
8441-SHIPE,yes
4597-ELFTS,yes
1320-GVNHT,yes
1047-RNXZV,no
3541-ZNUHK,yes
8450-JOVAH,yes
8725-JEDFD,no
7562-UXTPG,no
8071-SBTRN,yes
1113-IUJYX,no
6668-CNMFP,yes
5626-MGTUK,yes
5681-LLOEI,yes
8212-DJRCH,no
4323-OHFOW,yes
4933-BSAIP,no
2030-BTZRO,no
1116-DXXDF,no
9274-CNFMO,yes
6563-VNPMN,no
2267-WTPYD,yes
0270-THENM,yes
2446-PLQVO,no
4707-MAXGU,yes
2710-WYVXG,no
3005-NFMTA,yes
6300-BWMJX,yes
8784-CGILN,yes
5389-FFVKB,no
7009-LGECI,no
8444-WRIDW,yes
5022-KVDQT,yes
7976-CICYS,no
1036-GUDCL,no
2005-DWQZJ,no
8148-WOCMK,no
7815-PDTHL,no
9451-LPGOO,yes
9173-IVZVP,no
9129-UXERG,yes
7964-ZRKKG,yes
5868-YWPDW,no
6229-LSCKB,no
2025-JKFWI,yes
4078-SAYYN,yes
1724-IQWNM,no
8217-QYOHV,no
5546-QUERU,no
9940-HPQPG,yes
6897-UUBNU,no
6127-IYJOZ,no
6618-RYATB,yes
8930-XOTDP,no
5916-QEWPT,no
5060-TQUQN,yes
0531-XBKMM,yes
8465-SBRXP,yes
2408-PSJVE,no
9079-YEXQJ,yes
9700-ZCLOT,no
8738-JOKAR,no
4534-WGCIR,yes
1930-WNXSB,no
2685-SREOM,yes
3508-CFVZL,yes
0402-CQAJN,yes
6692-UDPJC,yes
1273-MTETI,yes
0657-DOGUM,yes
8792-AOROI,no
0295-PPHDO,yes
5146-YYFRZ,no
1195-OIYEJ,no
5906-CVLHP,no
3452-SRFEG,yes
4070-OKWVH,yes
5297-MDOIR,no
6369-MCAKO,yes
4926-UMJZD,no
6848-HJTXY,no
6341-AEVKX,no
4501-EQDRN,no
2990-HWIML,no
0682-USIXD,no
6976-BWGLQ,yes
8065-QBYTO,yes
2133-TSRRM,no
7603-USHJS,yes
7234-FECYN,yes
2511-ALLCS,yes
3191-CSNMG,no
7952-OBOYL,no
7470-DYNOE,no
1545-ACTAS,no
5876-HZVZM,no
1400-MMYXY,yes
3085-QUOZK,no
2363-BJLSL,no
1956-YIFGE,no
3926-CUQZX,no
7921-LMDFQ,no
2925-MXLSX,yes
5820-PTRYM,yes
9609-BENEA,yes
9945-PSVIP,no
1041-RXHRA,no
1750-CSKKM,no
9108-EJFJP,no
0530-IJVDB,yes
0508-SQWPL,no
2215-ZAFGX,yes
8213-TAZPM,yes
7142-HVGBG,yes
1304-SEGFY,yes
7242-EDTYC,no
2904-GGUAZ,yes
8267-ZNYVZ,no
5136-GFPMB,yes
2595-KIWPV,no
5243-SAOTC,yes
9398-MMQTO,no
7619-PLRLP,yes
6457-GIRWB,no
6508-NJYRO,no
1450-SKCVI,no
4710-NKCAW,yes
5306-BVTKJ,no
0357-NVCRI,no
5570-PTWEH,yes
2371-KFUOG,no
0463-ZSDNT,no
6502-MJQAE,no
6257-DTAYD,yes
4616-ULAOA,yes
7693-LCKZL,yes
5996-EBTKM,yes
2758-RNWXS,no
3454-JFUBC,no
9039-ZVJDC,no
6797-LNAQX,yes
2898-MRKPI,yes
2750-BJLSB,no
2075-RMJIK,no
9588-YRFHY,no
6394-MFYNG,yes
1564-NTYXF,yes
9364-YKUVW,no
5392-AKEMH,no
2451-YMUXS,yes
3914-FDRHP,no
3078-ZKNTS,no
1024-KPRBB,no
4690-PKDQG,yes
8155-IBNHG,yes
0886-QGENL,no
9547-ITEFG,yes
7789-CRUVC,yes
8739-WWKDU,yes
8685-WHQPW,yes
4745-LSPLO,no
8083-YTZES,yes
7240-FQLHE,yes
6664-FPDAC,yes
9972-VAFJJ,no
0422-UXFAP,yes
1904-WAJAA,yes
5130-YPIRV,no
2843-CQMEG,no
6439-PKTRR,yes
5568-DMXZS,no
8468-FZTOE,no
6633-SYEUS,no
3976-BWUCK,yes
5981-ZVXOT,yes
1684-FLBGS,yes
1389-WNUIB,yes
0376-OIWME,no
3585-ISXZP,yes
0218-QNVAS,yes
6583-QGCSI,yes
0804-YGEQV,yes
7164-BPTUT,yes
4174-LPGTI,no
2523-EWWZL,no
0928-XUTSN,no
0052-YNYOT,no
6304-IJFSQ,no
9586-JGQKH,yes
6075-SLNIL,yes
9347-AERRL,no
0093-XWZFY,yes
1980-KXVPM,yes
7703-ZEKEF,yes
0723-DRCLG,yes
5482-NUPNA,no
6691-CCIHA,yes
1685-BQULA,yes
9053-EJUNL,yes
0666-UXTJO,no
1471-GIQKQ,no
4807-IZYOZ,no
1122-JWTJW,no
9710-NJERN,no
9837-FWLCH,no
1699-HPSBG,no
7203-OYKCT,yes
1035-IPQPU,yes
7398-LXGYX,yes
2823-LKABH,yes
8775-CEBBJ,no
0550-DCXLH,no
9281-CEDRU,no
0871-OPBXW,no
3605-JISKB,yes
6894-LFHLY,yes
9767-FFLEM,no
0639-TSIQW,yes
8456-QDAVC,no
2569-WGERO,no
6840-RESVB,yes
2234-XADUH,yes
8361-LTMKD,yes
3186-AJIEK,no
